{
  "metrics": {
    "http_req_duration": {
      "type": "trend",
      "contains": "time",
      "values": {
        "avg": 9.31824446465769,
        "min": 3.864601,
        "med": 8.798955,
        "max": 52.96339,
        "p(90)": 12.672597,
        "p(95)": 14.822549
      },
      "thresholds": {
        "p(95)<1000": {
          "ok": true
        }
      }
    },
    "http_req_receiving": {
      "type": "trend",
      "contains": "time",
      "values": {
        "avg": 0.10765464865990851,
        "min": 0.044981,
        "med": 0.104771,
        "max": 3.348371,
        "p(90)": 0.144351,
        "p(95)": 0.159506
      }
    },
    "http_reqs": {
      "type": "counter",
      "contains": "default",
      "values": {
        "count": 7201,
        "rate": 60.004311892353755
      }
    },
    "http_req_duration{expected_response:true}": {
      "contains": "time",
      "values": {
        "max": 52.96339,
        "p(90)": 12.672597,
        "p(95)": 14.822549,
        "avg": 9.31824446465769,
        "min": 3.864601,
        "med": 8.798955
      },
      "type": "trend"
    },
    "http_req_blocked": {
      "type": "trend",
      "contains": "time",
      "values": {
        "max": 0.776115,
        "p(90)": 0.015212,
        "p(95)": 0.016762,
        "avg": 0.012050316483821726,
        "min": 0.003901,
        "med": 0.011166
      }
    },
    "iteration_duration": {
      "type": "trend",
      "contains": "time",
      "values": {
        "med": 9.192348,
        "max": 54.2896,
        "p(90)": 13.052204,
        "p(95)": 15.220085,
        "avg": 9.682176807665611,
        "min": 4.049189
      }
    },
    "checks": {
      "type": "rate",
      "contains": "default",
      "values": {
        "passes": 14402,
        "fails": 0,
        "rate": 1
      }
    },
    "http_req_tls_handshaking": {
      "type": "trend",
      "contains": "time",
      "values": {
        "avg": 0,
        "min": 0,
        "med": 0,
        "max": 0,
        "p(90)": 0,
        "p(95)": 0
      }
    },
    "vus": {
      "type": "gauge",
      "contains": "default",
      "values": {
        "value": 0,
        "min": 0,
        "max": 2
      }
    },
    "http_req_sending": {
      "values": {
        "p(95)": 0.067323,
        "avg": 0.04529421163727248,
        "min": 0.013149,
        "med": 0.0446,
        "max": 1.957882,
        "p(90)": 0.061007
      },
      "type": "trend",
      "contains": "time"
    },
    "http_req_waiting": {
      "type": "trend",
      "contains": "time",
      "values": {
        "p(95)": 14.668998,
        "avg": 9.165295604360518,
        "min": 3.779476,
        "med": 8.625344,
        "max": 52.661428,
        "p(90)": 12.522938
      }
    },
    "data_received": {
      "type": "counter",
      "contains": "data",
      "values": {
        "count": 1870204,
        "rate": 15583.988906863986
      }
    },
    "data_sent": {
      "type": "counter",
      "contains": "data",
      "values": {
        "count": 1554878,
        "rate": 12956.448335864356
      }
    },
    "http_req_failed": {
      "values": {
        "rate": 0,
        "passes": 0,
        "fails": 7201
      },
      "thresholds": {
        "rate<0.01": {
          "ok": true
        }
      },
      "type": "rate",
      "contains": "default"
    },
    "iterations": {
      "type": "counter",
      "contains": "default",
      "values": {
        "count": 7201,
        "rate": 60.004311892353755
      }
    },
    "http_req_connecting": {
      "values": {
        "p(90)": 0,
        "p(95)": 0,
        "avg": 0.0005819180669351479,
        "min": 0,
        "med": 0,
        "max": 0.602922
      },
      "type": "trend",
      "contains": "time"
    },
    "vus_max": {
      "contains": "default",
      "values": {
        "value": 10,
        "min": 10,
        "max": 10
      },
      "type": "gauge"
    }
  },
  "root_group": {
    "checks": [
      {
        "name": "status is 2xx/3xx",
        "path": "::status is 2xx/3xx",
        "id": "31d112b7c260d99cd32154b60b2c588b",
        "passes": 7201,
        "fails": 0
      },
      {
        "fails": 0,
        "name": "status is 201",
        "path": "::status is 201",
        "id": "ec8c9afd59577ad0eb26fbf150ecf791",
        "passes": 7201
      }
    ],
    "name": "",
    "path": "",
    "id": "d41d8cd98f00b204e9800998ecf8427e",
    "groups": []
  },
  "options": {
    "summaryTrendStats": [
      "avg",
      "min",
      "med",
      "max",
      "p(90)",
      "p(95)"
    ],
    "summaryTimeUnit": "",
    "noColor": false
  },
  "state": {
    "testRunDurationMs": 120008.042304,
    "isStdOutTTY": true,
    "isStdErrTTY": true
  }
}