{
  "state": {
    "isStdOutTTY": true,
    "isStdErrTTY": true,
    "testRunDurationMs": 390006.123275
  },
  "metrics": {
    "iteration_duration": {
      "type": "trend",
      "contains": "time",
      "values": {
        "max": 60542.802072,
        "p(90)": 9927.174718000002,
        "p(95)": 12927.886648199996,
        "avg": 5890.851774093292,
        "min": 3.991477,
        "med": 4624.25888
      }
    },
    "vus": {
      "values": {
        "value": 314,
        "min": 0,
        "max": 4800
      },
      "type": "gauge",
      "contains": "default"
    },
    "dropped_iterations": {
      "type": "counter",
      "contains": "default",
      "values": {
        "count": 488008,
        "rate": 1251.2829180784354
      }
    },
    "http_req_tls_handshaking": {
      "values": {
        "avg": 0,
        "min": 0,
        "med": 0,
        "max": 0,
        "p(90)": 0,
        "p(95)": 0
      },
      "type": "trend",
      "contains": "time"
    },
    "http_req_failed": {
      "values": {
        "rate": 0.014314167431357541,
        "passes": 3385,
        "fails": 233094
      },
      "thresholds": {
        "rate<0.01": {
          "ok": false
        }
      },
      "type": "rate",
      "contains": "default"
    },
    "http_reqs": {
      "type": "counter",
      "contains": "default",
      "values": {
        "count": 236479,
        "rate": 606.3468901826822
      }
    },
    "http_req_blocked": {
      "values": {
        "avg": 0.5548063812389338,
        "min": 0.001477,
        "med": 0.007234,
        "max": 459.888645,
        "p(90)": 0.012779,
        "p(95)": 0.041880799999999115
      },
      "type": "trend",
      "contains": "time"
    },
    "iterations": {
      "contains": "default",
      "values": {
        "count": 236479,
        "rate": 606.3468901826822
      },
      "type": "counter"
    },
    "http_req_waiting": {
      "values": {
        "min": 1.314793,
        "med": 4621.63265,
        "max": 60540.298706,
        "p(90)": 9923.2042414,
        "p(95)": 12925.908542499992,
        "avg": 5887.59704918509
      },
      "type": "trend",
      "contains": "time"
    },
    "http_req_duration": {
      "type": "trend",
      "contains": "time",
      "values": {
        "p(95)": 12927.1026682,
        "avg": 5888.695455957243,
        "min": 1.335591,
        "med": 4622.701377,
        "max": 60540.361573,
        "p(90)": 9924.190847200014
      },
      "thresholds": {
        "p(95)<1000": {
          "ok": false
        }
      }
    },
    "http_req_duration{expected_response:true}": {
      "values": {
        "p(95)": 12519.6496113,
        "avg": 5204.719491636481,
        "min": 3.820783,
        "med": 4582.809099,
        "max": 59910.121498,
        "p(90)": 9270.6691661
      },
      "type": "trend",
      "contains": "time"
    },
    "checks": {
      "type": "rate",
      "contains": "default",
      "values": {
        "rate": 0.9856858325686425,
        "passes": 233094,
        "fails": 3385
      }
    },
    "http_req_sending": {
      "type": "trend",
      "contains": "time",
      "values": {
        "p(95)": 0.40295719999999463,
        "avg": 0.3839733755343899,
        "min": 0.005396,
        "med": 0.023586,
        "max": 484.357519,
        "p(90)": 0.07780400000000011
      }
    },
    "vus_max": {
      "type": "gauge",
      "contains": "default",
      "values": {
        "min": 800,
        "max": 4800,
        "value": 4800
      }
    },
    "data_received": {
      "type": "counter",
      "contains": "data",
      "values": {
        "count": 82401894,
        "rate": 211283.59039095655
      }
    },
    "data_sent": {
      "type": "counter",
      "contains": "data",
      "values": {
        "count": 51126149,
        "rate": 131090.63152823906
      }
    },
    "http_req_receiving": {
      "type": "trend",
      "contains": "time",
      "values": {
        "max": 1840.366138,
        "p(90)": 0.2292724000000012,
        "p(95)": 1.362858899999988,
        "avg": 0.7144333967667418,
        "min": 0,
        "med": 0.052104
      }
    },
    "http_req_connecting": {
      "type": "trend",
      "contains": "time",
      "values": {
        "max": 459.781676,
        "p(90)": 0,
        "p(95)": 0,
        "avg": 0.4612287984260742,
        "min": 0,
        "med": 0
      }
    }
  },
  "root_group": {
    "name": "",
    "path": "",
    "id": "d41d8cd98f00b204e9800998ecf8427e",
    "groups": [],
    "checks": [
        {
          "name": "http_success",
          "path": "::http_success",
          "id": "ccb6e06873a8792270ed84c6f0cb269a",
          "passes": 233094,
          "fails": 3385
        }
      ]
  },
  "options": {
    "summaryTrendStats": [
      "avg",
      "min",
      "med",
      "max",
      "p(90)",
      "p(95)"
    ],
    "summaryTimeUnit": "",
    "noColor": false
  }
}