{
  "state": {
    "isStdErrTTY": true,
    "testRunDurationMs": 120001.248076,
    "isStdOutTTY": true
  },
  "metrics": {
    "http_req_waiting": {
      "type": "trend",
      "contains": "time",
      "values": {
        "avg": 11.154361673611072,
        "min": 4.427056,
        "med": 11.136195,
        "max": 60.921474,
        "p(90)": 13.731183200000002,
        "p(95)": 14.703571199999997
      }
    },
    "checks": {
      "type": "rate",
      "contains": "default",
      "values": {
        "fails": 0,
        "rate": 1,
        "passes": 14400
      }
    },
    "vus_max": {
      "values": {
        "value": 10,
        "min": 10,
        "max": 10
      },
      "type": "gauge",
      "contains": "default"
    },
    "data_sent": {
      "type": "counter",
      "contains": "data",
      "values": {
        "rate": 12955.28192352965,
        "count": 1554650
      }
    },
    "http_reqs": {
      "type": "counter",
      "contains": "default",
      "values": {
        "count": 7200,
        "rate": 59.99937596849033
      }
    },
    "http_req_duration{expected_response:true}": {
      "type": "trend",
      "contains": "time",
      "values": {
        "p(90)": 13.9278561,
        "p(95)": 14.908338849999996,
        "avg": 11.323573282222261,
        "min": 4.527881,
        "med": 11.309659499999999,
        "max": 61.058535
      }
    },
    "http_req_blocked": {
      "type": "trend",
      "contains": "time",
      "values": {
        "min": 0.003829,
        "med": 0.011261,
        "max": 0.738349,
        "p(90)": 0.015045,
        "p(95)": 0.016680399999999995,
        "avg": 0.012393629305555556
      }
    },
    "data_received": {
      "type": "counter",
      "contains": "data",
      "values": {
        "rate": 24672.518390182813,
        "count": 2960733
      }
    },
    "iteration_duration": {
      "type": "trend",
      "contains": "time",
      "values": {
        "min": 4.749249,
        "med": 11.7084895,
        "max": 61.535934,
        "p(90)": 14.3795982,
        "p(95)": 15.366807399999995,
        "avg": 11.702535846111099
      }
    },
    "http_req_tls_handshaking": {
      "type": "trend",
      "contains": "time",
      "values": {
        "min": 0,
        "med": 0,
        "max": 0,
        "p(90)": 0,
        "p(95)": 0,
        "avg": 0
      }
    },
    "http_req_receiving": {
      "type": "trend",
      "contains": "time",
      "values": {
        "avg": 0.12361795208333375,
        "min": 0.051437,
        "med": 0.119481,
        "max": 2.580265,
        "p(90)": 0.16155490000000003,
        "p(95)": 0.1793483499999999
      }
    },
    "http_req_sending": {
      "values": {
        "med": 0.0447075,
        "max": 0.434107,
        "p(90)": 0.059638800000000006,
        "p(95)": 0.06625419999999996,
        "avg": 0.045593656527777734,
        "min": 0.013804
      },
      "type": "trend",
      "contains": "time"
    },
    "iterations": {
      "values": {
        "count": 7200,
        "rate": 59.99937596849033
      },
      "type": "counter",
      "contains": "default"
    },
    "http_req_failed": {
      "contains": "default",
      "values": {
        "fails": 7200,
        "rate": 0,
        "passes": 0
      },
      "thresholds": {
        "rate<0.01": {
          "ok": true
        }
      },
      "type": "rate"
    },
    "vus": {
      "type": "gauge",
      "contains": "default",
      "values": {
        "value": 1,
        "min": 0,
        "max": 1
      }
    },
    "http_req_connecting": {
      "contains": "time",
      "values": {
        "avg": 0.0005937080555555556,
        "min": 0,
        "med": 0,
        "max": 0.545629,
        "p(90)": 0,
        "p(95)": 0
      },
      "type": "trend"
    },
    "http_req_duration": {
      "type": "trend",
      "contains": "time",
      "values": {
        "max": 61.058535,
        "p(90)": 13.9278561,
        "p(95)": 14.908338849999996,
        "avg": 11.323573282222261,
        "min": 4.527881,
        "med": 11.309659499999999
      },
      "thresholds": {
        "p(95)<1000": {
          "ok": true
        }
      }
    }
  },
  "root_group": {
    "name": "",
    "path": "",
    "id": "d41d8cd98f00b204e9800998ecf8427e",
    "groups": [],
    "checks": [
        {
          "name": "status is 2xx/3xx",
          "path": "::status is 2xx/3xx",
          "id": "31d112b7c260d99cd32154b60b2c588b",
          "passes": 7200,
          "fails": 0
        },
        {
          "id": "ec8c9afd59577ad0eb26fbf150ecf791",
          "passes": 7200,
          "fails": 0,
          "name": "status is 201",
          "path": "::status is 201"
        }
      ]
  },
  "options": {
    "summaryTrendStats": [
      "avg",
      "min",
      "med",
      "max",
      "p(90)",
      "p(95)"
    ],
    "summaryTimeUnit": "",
    "noColor": false
  }
}