{
  "metrics": {
    "http_reqs": {
      "values": {
        "count": 426396,
        "rate": 710.6268161414486
      },
      "type": "counter",
      "contains": "default"
    },
    "http_req_sending": {
      "type": "trend",
      "contains": "time",
      "values": {
        "min": 0.001831,
        "med": 0.0252585,
        "max": 2.77094,
        "p(90)": 0.044658,
        "p(95)": 0.048833,
        "avg": 0.028427787244720906
      }
    },
    "checks": {
      "values": {
        "passes": 426391,
        "fails": 5,
        "rate": 0.9999882738111989
      },
      "type": "rate",
      "contains": "default"
    },
    "data_received": {
      "type": "counter",
      "contains": "data",
      "values": {
        "count": 963303488,
        "rate": 1605430.8451659775
      }
    },
    "http_req_connecting": {
      "contains": "time",
      "values": {
        "p(90)": 0,
        "p(95)": 0,
        "avg": 0.11532443320997383,
        "min": 0,
        "med": 0,
        "max": 1175.174502
      },
      "type": "trend"
    },
    "http_req_tls_handshaking": {
      "contains": "time",
      "values": {
        "p(95)": 0,
        "avg": 0,
        "min": 0,
        "med": 0,
        "max": 0,
        "p(90)": 0
      },
      "type": "trend"
    },
    "http_req_duration{method:GET}": {
      "type": "trend",
      "contains": "time",
      "values": {
        "avg": 50.136866415181196,
        "min": 4.60877,
        "med": 16.943894999999998,
        "max": 8025.100027,
        "p(90)": 104.59234590000003,
        "p(95)": 180.34866079999998
      },
      "thresholds": {
        "p(95)<200": {
          "ok": true
        }
      }
    },
    "iterations": {
      "type": "counter",
      "contains": "default",
      "values": {
        "count": 213198,
        "rate": 355.3134080707243
      }
    },
    "dropped_iterations": {
      "type": "counter",
      "contains": "default",
      "values": {
        "count": 6400,
        "rate": 10.666168592822801
      }
    },
    "iteration_duration": {
      "values": {
        "avg": 109.68229038728278,
        "min": 12.735393,
        "med": 39.582501,
        "max": 9868.85098,
        "p(90)": 252.00283540000024,
        "p(95)": 434.196459
      },
      "type": "trend",
      "contains": "time"
    },
    "http_req_waiting": {
      "type": "trend",
      "contains": "time",
      "values": {
        "p(90)": 118.6954255,
        "p(95)": 201.07431524999998,
        "avg": 52.65811884712884,
        "min": 4.518657,
        "med": 19.1837905,
        "max": 7800.342397
      }
    },
    "data_sent": {
      "type": "counter",
      "contains": "data",
      "values": {
        "count": 105089640,
        "rate": 175141.22149985228
      }
    },
    "http_req_blocked": {
      "type": "trend",
      "contains": "time",
      "values": {
        "min": 0.000623,
        "med": 0.008095,
        "max": 1175.289746,
        "p(90)": 0.012176,
        "p(95)": 0.013153,
        "avg": 0.12398797695803462
      }
    },
    "http_req_receiving": {
      "contains": "time",
      "values": {
        "avg": 1.8015950129645217,
        "min": 0.006227,
        "med": 0.080032,
        "max": 7680.869266,
        "p(90)": 0.117349,
        "p(95)": 0.15136850000000002
      },
      "type": "trend"
    },
    "vus_max": {
      "type": "gauge",
      "contains": "default",
      "values": {
        "value": 250,
        "min": 100,
        "max": 250
      }
    },
    "http_req_failed": {
      "values": {
        "rate": 0.000011726188801020647,
        "passes": 5,
        "fails": 426391
      },
      "thresholds": {
        "rate<0.01": {
          "ok": true
        }
      },
      "type": "rate",
      "contains": "default"
    },
    "vus": {
      "type": "gauge",
      "contains": "default",
      "values": {
        "value": 17,
        "min": 1,
        "max": 250
      }
    },
    "http_req_duration": {
      "type": "trend",
      "contains": "time",
      "values": {
        "min": 4.60877,
        "med": 19.3731525,
        "max": 8025.100027,
        "p(90)": 120.36926650000001,
        "p(95)": 205.682097,
        "avg": 54.48814164734018
      }
    },
    "http_req_duration{method:POST}": {
      "type": "trend",
      "contains": "time",
      "values": {
        "avg": 58.8394168794965,
        "min": 6.479537,
        "med": 21.8405045,
        "max": 7800.44252,
        "p(90)": 137.1477992000001,
        "p(95)": 231.55573599999997
      },
      "thresholds": {
        "p(95)<200": {
          "ok": false
        }
      }
    },
    "http_req_duration{expected_response:true}": {
      "type": "trend",
      "contains": "time",
      "values": {
        "max": 8025.100027,
        "p(90)": 120.3656,
        "p(95)": 205.68243,
        "avg": 54.48737689796985,
        "min": 4.60877,
        "med": 19.373034
      }
    }
  },
  "root_group": {
    "path": "",
    "id": "d41d8cd98f00b204e9800998ecf8427e",
    "groups": [],
    "checks": [
        {
          "name": "POST /bonus success",
          "path": "::POST /bonus success",
          "id": "88575a74097a77bfe10b6800bb7701a3",
          "passes": 213193,
          "fails": 5
        },
        {
          "name": "GET /bonus/recents success",
          "path": "::GET /bonus/recents success",
          "id": "9ecdbc1d40fa66bb8bded2b5dbab85e3",
          "passes": 213198,
          "fails": 0
        }
      ],
    "name": ""
  },
  "options": {
    "summaryTrendStats": [
      "avg",
      "min",
      "med",
      "max",
      "p(90)",
      "p(95)"
    ],
    "summaryTimeUnit": "",
    "noColor": false
  },
  "state": {
    "isStdOutTTY": false,
    "isStdErrTTY": false,
    "testRunDurationMs": 600028.017962
  }
}