{
  "state": {
    "isStdErrTTY": false,
    "testRunDurationMs": 1981583.137395,
    "isStdOutTTY": false
  },
  "metrics": {
    "vus_max": {
      "type": "gauge",
      "contains": "default",
      "values": {
        "value": 400,
        "min": 200,
        "max": 400
      }
    },
    "http_req_connecting": {
      "type": "trend",
      "contains": "time",
      "values": {
        "min": 0,
        "med": 0,
        "max": 1143.031192,
        "p(90)": 0,
        "p(95)": 0,
        "avg": 0.04443308139814954
      }
    },
    "iteration_duration": {
      "type": "trend",
      "contains": "time",
      "values": {
        "p(90)": 455.11972460000015,
        "p(95)": 724.5607186999998,
        "avg": 164.9280021185986,
        "min": 5.833731,
        "med": 20.0073845,
        "max": 14261.321054
      }
    },
    "http_req_waiting": {
      "values": {
        "avg": 73.9598533406513,
        "min": 1.89414,
        "med": 9.8567925,
        "max": 14092.937721,
        "p(90)": 199.81376759999998,
        "p(95)": 227.65332299999997
      },
      "type": "trend",
      "contains": "time"
    },
    "http_req_receiving": {
      "type": "trend",
      "contains": "time",
      "values": {
        "min": 0.005448,
        "med": 0.074497,
        "max": 6338.685545,
        "p(90)": 0.12579,
        "p(95)": 3.404137699999983,
        "avg": 8.212933543958329
      }
    },
    "http_req_tls_handshaking": {
      "type": "trend",
      "contains": "time",
      "values": {
        "avg": 0,
        "min": 0,
        "med": 0,
        "max": 0,
        "p(90)": 0,
        "p(95)": 0
      }
    },
    "http_req_sending": {
      "type": "trend",
      "contains": "time",
      "values": {
        "min": 0.001676,
        "med": 0.024085,
        "max": 14.704736,
        "p(90)": 0.042221,
        "p(95)": 0.04732,
        "avg": 0.026794964600277936
      }
    },
    "http_req_failed": {
      "type": "rate",
      "contains": "default",
      "values": {
        "rate": 0,
        "passes": 0,
        "fails": 1287044
      }
    },
    "http_reqs": {
      "values": {
        "count": 1287044,
        "rate": 649.502902861777
      },
      "type": "counter",
      "contains": "default"
    },
    "checks": {
      "type": "rate",
      "contains": "default",
      "values": {
        "rate": 1,
        "passes": 1287044,
        "fails": 0
      }
    },
    "dropped_iterations": {
      "type": "counter",
      "contains": "default",
      "values": {
        "count": 21575,
        "rate": 10.887759182469939
      }
    },
    "http_req_duration": {
      "type": "trend",
      "contains": "time",
      "values": {
        "p(90)": 207.9728123,
        "p(95)": 307.6593141999991,
        "avg": 82.19958184920857,
        "min": 2.255584,
        "med": 9.989819,
        "max": 14139.715747
      },
      "thresholds": {
        "p(95)<1500": {
          "ok": true
        }
      }
    },
    "vus": {
      "values": {
        "min": 0,
        "max": 400,
        "value": 11
      },
      "type": "gauge",
      "contains": "default"
    },
    "data_sent": {
      "type": "counter",
      "contains": "data",
      "values": {
        "count": 317205145,
        "rate": 160076.62712400733
      }
    },
    "http_req_blocked": {
      "contains": "time",
      "values": {
        "avg": 0.052200218953666264,
        "min": 0.000528,
        "med": 0.00732,
        "max": 1143.098057,
        "p(90)": 0.011139,
        "p(95)": 0.01214
      },
      "type": "trend"
    },
    "http_req_duration{expected_response:true}": {
      "type": "trend",
      "contains": "time",
      "values": {
        "max": 14139.715747,
        "p(90)": 207.9728123,
        "p(95)": 307.6593141999991,
        "avg": 82.19958184920857,
        "min": 2.255584,
        "med": 9.989819
      }
    },
    "data_received": {
      "type": "counter",
      "contains": "data",
      "values": {
        "count": 2822314974,
        "rate": 1424272.8052834717
      }
    },
    "iterations": {
      "type": "counter",
      "contains": "default",
      "values": {
        "count": 643522,
        "rate": 324.7514514308885
      }
    }
  },
  "root_group": {
    "path": "",
    "id": "d41d8cd98f00b204e9800998ecf8427e",
    "groups": [],
    "checks": [
        {
          "name": "POST /bonus success",
          "path": "::POST /bonus success",
          "id": "88575a74097a77bfe10b6800bb7701a3",
          "passes": 643522,
          "fails": 0
        },
        {
          "path": "::GET /bonus/recents success",
          "id": "9ecdbc1d40fa66bb8bded2b5dbab85e3",
          "passes": 643522,
          "fails": 0,
          "name": "GET /bonus/recents success"
        }
      ],
    "name": ""
  },
  "options": {
    "summaryTrendStats": [
      "avg",
      "min",
      "med",
      "max",
      "p(90)",
      "p(95)"
    ],
    "summaryTimeUnit": "",
    "noColor": false
  }
}