{
  "metrics": {
    "data_received": {
      "type": "counter",
      "contains": "data",
      "values": {
        "count": 34223910,
        "rate": 95066.09146510913
      }
    },
    "http_req_duration": {
      "type": "trend",
      "contains": "time",
      "values": {
        "min": 0.956987,
        "med": 12.255602,
        "max": 544.566857,
        "p(90)": 20.8763285,
        "p(95)": 27.535002049999996,
        "avg": 16.199425210521753
      },
      "thresholds": {
        "p(95)<1000": {
          "ok": true
        }
      }
    },
    "vus": {
      "type": "gauge",
      "contains": "default",
      "values": {
        "max": 104,
        "value": 0,
        "min": 0
      }
    },
    "http_req_tls_handshaking": {
      "type": "trend",
      "contains": "time",
      "values": {
        "max": 0,
        "p(90)": 0,
        "p(95)": 0,
        "avg": 0,
        "min": 0,
        "med": 0
      }
    },
    "dropped_iterations": {
      "type": "counter",
      "contains": "default",
      "values": {
        "count": 5,
        "rate": 0.013888841378017464
      }
    },
    "iterations": {
      "type": "counter",
      "contains": "default",
      "values": {
        "count": 90594,
        "rate": 251.64913916002283
      }
    },
    "http_req_connecting": {
      "values": {
        "med": 0,
        "max": 453.831528,
        "p(90)": 0,
        "p(95)": 0,
        "avg": 0.10210643434443778,
        "min": 0
      },
      "type": "trend",
      "contains": "time"
    },
    "http_req_waiting": {
      "type": "trend",
      "contains": "time",
      "values": {
        "p(90)": 20.726687399999996,
        "p(95)": 27.379823549999998,
        "avg": 16.043317468518882,
        "min": 0.890093,
        "med": 12.112042500000001,
        "max": 544.12859
      }
    },
    "checks": {
      "type": "rate",
      "contains": "default",
      "values": {
        "fails": 6,
        "rate": 0.9999337704483741,
        "passes": 90588
      }
    },
    "http_req_blocked": {
      "values": {
        "p(90)": 0.013675,
        "p(95)": 0.015544,
        "avg": 0.11428987307106375,
        "min": 0.001153,
        "med": 0.010703,
        "max": 454.019439
      },
      "type": "trend",
      "contains": "time"
    },
    "http_req_duration{expected_response:true}": {
      "type": "trend",
      "contains": "time",
      "values": {
        "p(90)": 20.876496200000002,
        "p(95)": 27.535122949999998,
        "avg": 16.200193422694042,
        "min": 7.360899,
        "med": 12.256049,
        "max": 544.566857
      }
    },
    "http_req_sending": {
      "type": "trend",
      "contains": "time",
      "values": {
        "min": 0.003715,
        "med": 0.039169,
        "max": 3.438003,
        "p(90)": 0.052225,
        "p(95)": 0.059902349999999986,
        "avg": 0.04081654457248873
      }
    },
    "http_req_receiving": {
      "type": "trend",
      "contains": "time",
      "values": {
        "avg": 0.11529119743029308,
        "min": 0,
        "med": 0.097214,
        "max": 212.272766,
        "p(90)": 0.1334607,
        "p(95)": 0.15060834999999997
      }
    },
    "data_sent": {
      "type": "counter",
      "contains": "data",
      "values": {
        "count": 18926780,
        "rate": 52574.20904332667
      }
    },
    "http_reqs": {
      "type": "counter",
      "contains": "default",
      "values": {
        "count": 90594,
        "rate": 251.64913916002283
      }
    },
    "http_req_failed": {
      "thresholds": {
        "rate<0.01": {
          "ok": true
        }
      },
      "type": "rate",
      "contains": "default",
      "values": {
        "rate": 0.00006622955162593549,
        "passes": 6,
        "fails": 90588
      }
    },
    "iteration_duration": {
      "values": {
        "p(95)": 27.893986199999993,
        "avg": 16.613702703655967,
        "min": 1.536197,
        "med": 12.602855,
        "max": 548.026714,
        "p(90)": 21.2114886
      },
      "type": "trend",
      "contains": "time"
    },
    "vus_max": {
      "type": "gauge",
      "contains": "default",
      "values": {
        "value": 105,
        "min": 100,
        "max": 105
      }
    }
  },
  "root_group": {
    "checks": [
      {
        "name": "http_success",
        "path": "::http_success",
        "id": "ccb6e06873a8792270ed84c6f0cb269a",
        "passes": 90588,
        "fails": 6
      }
    ],
    "name": "",
    "path": "",
    "id": "d41d8cd98f00b204e9800998ecf8427e",
    "groups": []
  },
  "options": {
    "noColor": false,
    "summaryTrendStats": [
      "avg",
      "min",
      "med",
      "max",
      "p(90)",
      "p(95)"
    ],
    "summaryTimeUnit": ""
  },
  "state": {
    "isStdOutTTY": true,
    "isStdErrTTY": true,
    "testRunDurationMs": 360001.231486
  }
}