{
  "state": {
    "isStdOutTTY": true,
    "isStdErrTTY": true,
    "testRunDurationMs": 360000.753451
  },
  "metrics": {
    "checks": {
      "type": "rate",
      "contains": "default",
      "values": {
        "rate": 0.9896577224914183,
        "passes": 89662,
        "fails": 937
      }
    },
    "data_sent": {
      "type": "counter",
      "contains": "data",
      "values": {
        "count": 18928128,
        "rate": 52578.02329176604
      }
    },
    "http_req_sending": {
      "values": {
        "min": 0.004129,
        "med": 0.039114,
        "max": 2.690366,
        "p(90)": 0.051777199999999995,
        "p(95)": 0.058299,
        "avg": 0.03973588329893244
      },
      "type": "trend",
      "contains": "time"
    },
    "data_received": {
      "type": "counter",
      "contains": "data",
      "values": {
        "count": 44782260,
        "rate": 124394.90631814845
      }
    },
    "http_req_duration": {
      "contains": "time",
      "values": {
        "med": 13.605367,
        "max": 459.758746,
        "p(90)": 26.911155599999997,
        "p(95)": 42.88343679999994,
        "avg": 19.255686461528633,
        "min": 7.853936
      },
      "thresholds": {
        "p(95)<1000": {
          "ok": true
        }
      },
      "type": "trend"
    },
    "http_req_failed": {
      "type": "rate",
      "contains": "default",
      "values": {
        "rate": 0.010342277508581773,
        "passes": 937,
        "fails": 89662
      },
      "thresholds": {
        "rate<0.01": {
          "ok": false
        }
      }
    },
    "http_req_blocked": {
      "type": "trend",
      "contains": "time",
      "values": {
        "p(95)": 0.015016,
        "avg": 0.047283355456462665,
        "min": 0.001068,
        "med": 0.010672,
        "max": 181.811457,
        "p(90)": 0.013485
      }
    },
    "vus": {
      "values": {
        "value": 0,
        "min": 0,
        "max": 59
      },
      "type": "gauge",
      "contains": "default"
    },
    "http_req_connecting": {
      "type": "trend",
      "contains": "time",
      "values": {
        "avg": 0.03636895850947582,
        "min": 0,
        "med": 0,
        "max": 181.612056,
        "p(90)": 0,
        "p(95)": 0
      }
    },
    "http_req_waiting": {
      "values": {
        "p(95)": 42.65212929999998,
        "avg": 19.107356040121807,
        "min": 7.710519,
        "med": 13.455759,
        "max": 459.656728,
        "p(90)": 26.76427579999999
      },
      "type": "trend",
      "contains": "time"
    },
    "vus_max": {
      "values": {
        "value": 100,
        "min": 100,
        "max": 100
      },
      "type": "gauge",
      "contains": "default"
    },
    "iterations": {
      "type": "counter",
      "contains": "default",
      "values": {
        "count": 90599,
        "rate": 251.66336217774474
      }
    },
    "http_req_tls_handshaking": {
      "contains": "time",
      "values": {
        "p(95)": 0,
        "avg": 0,
        "min": 0,
        "med": 0,
        "max": 0,
        "p(90)": 0
      },
      "type": "trend"
    },
    "http_reqs": {
      "type": "counter",
      "contains": "default",
      "values": {
        "count": 90599,
        "rate": 251.66336217774474
      }
    },
    "http_req_duration{expected_response:true}": {
      "type": "trend",
      "contains": "time",
      "values": {
        "avg": 18.75367550516418,
        "min": 7.853936,
        "med": 13.4902835,
        "max": 459.758746,
        "p(90)": 25.990856900000004,
        "p(95)": 37.732685999999994
      }
    },
    "http_req_receiving": {
      "type": "trend",
      "contains": "time",
      "values": {
        "min": 0.007995,
        "med": 0.098908,
        "max": 30.696728,
        "p(90)": 0.1353036,
        "p(95)": 0.15178149999999996,
        "avg": 0.10859453810748514
      }
    },
    "iteration_duration": {
      "type": "trend",
      "contains": "time",
      "values": {
        "avg": 19.605098518482585,
        "min": 8.052435,
        "med": 13.937509,
        "max": 460.222811,
        "p(90)": 27.232145999999993,
        "p(95)": 43.22887419999998
      }
    }
  },
  "root_group": {
    "id": "d41d8cd98f00b204e9800998ecf8427e",
    "groups": [],
    "checks": [
        {
          "id": "ccb6e06873a8792270ed84c6f0cb269a",
          "passes": 89662,
          "fails": 937,
          "name": "http_success",
          "path": "::http_success"
        }
      ],
    "name": "",
    "path": ""
  },
  "options": {
    "summaryTrendStats": [
      "avg",
      "min",
      "med",
      "max",
      "p(90)",
      "p(95)"
    ],
    "summaryTimeUnit": "",
    "noColor": false
  }
}