{
  "state": {
    "isStdErrTTY": false,
    "testRunDurationMs": 900014.785075,
    "isStdOutTTY": false
  },
  "metrics": {
    "dropped_iterations": {
      "type": "counter",
      "contains": "default",
      "values": {
        "count": 54,
        "rate": 0.05999901434452555
      }
    },
    "http_req_duration{phase:load,method:POST}": {
      "thresholds": {
        "p(95)<200": {
          "ok": true
        }
      },
      "type": "trend",
      "contains": "time",
      "values": {
        "med": 8.071683,
        "max": 567.547786,
        "p(90)": 17.040376600000037,
        "p(95)": 53.188245399999936,
        "avg": 15.491755653427857,
        "min": 4.827613
      }
    },
    "http_req_tls_handshaking": {
      "type": "trend",
      "contains": "time",
      "values": {
        "max": 0,
        "p(90)": 0,
        "p(95)": 0,
        "avg": 0,
        "min": 0,
        "med": 0
      }
    },
    "http_req_duration": {
      "type": "trend",
      "contains": "time",
      "values": {
        "p(95)": 26.068463249999983,
        "avg": 12.357469042985622,
        "min": 3.708202,
        "med": 7.3557235,
        "max": 567.547786,
        "p(90)": 12.611949000000001
      }
    },
    "checks": {
      "values": {
        "rate": 0.9999913787157735,
        "passes": 115991,
        "fails": 1
      },
      "type": "rate",
      "contains": "default"
    },
    "http_req_waiting": {
      "values": {
        "avg": 12.204712693763412,
        "min": 3.659724,
        "med": 7.206495,
        "max": 567.431039,
        "p(90)": 12.444560100000007,
        "p(95)": 25.855866599999928
      },
      "type": "trend",
      "contains": "time"
    },
    "http_req_blocked": {
      "type": "trend",
      "contains": "time",
      "values": {
        "min": 0.001161,
        "med": 0.0096265,
        "max": 1010.29203,
        "p(90)": 0.01359,
        "p(95)": 0.015095449999999998,
        "avg": 0.037468930693496307
      }
    },
    "http_req_failed{phase:load}": {
      "type": "rate",
      "contains": "default",
      "values": {
        "rate": 0.000011118770708710445,
        "passes": 1,
        "fails": 89937
      },
      "thresholds": {
        "rate<0.01": {
          "ok": true
        }
      }
    },
    "http_reqs": {
      "type": "counter",
      "contains": "default",
      "values": {
        "count": 115992,
        "rate": 128.87788281204087
      }
    },
    "http_req_connecting": {
      "type": "trend",
      "contains": "time",
      "values": {
        "avg": 0.02716837831919443,
        "min": 0,
        "med": 0,
        "max": 1010.138335,
        "p(90)": 0,
        "p(95)": 0
      }
    },
    "http_req_duration{phase:load,method:GET}": {
      "type": "trend",
      "contains": "time",
      "values": {
        "p(95)": 14.361899000000001,
        "avg": 9.294250717182925,
        "min": 3.708202,
        "med": 6.362282,
        "max": 389.072072,
        "p(90)": 10.368067000000002
      },
      "thresholds": {
        "p(95)<200": {
          "ok": true
        }
      }
    },
    "http_req_failed": {
      "type": "rate",
      "contains": "default",
      "values": {
        "rate": 0.00000862128422649838,
        "passes": 1,
        "fails": 115991
      }
    },
    "data_sent": {
      "type": "counter",
      "contains": "data",
      "values": {
        "count": 28587367,
        "rate": 31763.219309355856
      }
    },
    "vus_max": {
      "type": "gauge",
      "contains": "default",
      "values": {
        "value": 64,
        "min": 10,
        "max": 64
      }
    },
    "http_req_duration{expected_response:true}": {
      "contains": "time",
      "values": {
        "avg": 12.356506552611739,
        "min": 3.708202,
        "med": 7.355705,
        "max": 567.547786,
        "p(90)": 12.611805,
        "p(95)": 26.062081
      },
      "type": "trend"
    },
    "http_req_receiving": {
      "type": "trend",
      "contains": "time",
      "values": {
        "med": 0.103809,
        "max": 117.982833,
        "p(90)": 0.14696180000000003,
        "p(95)": 0.16927835,
        "avg": 0.1177341182409122,
        "min": 0.011595
      }
    },
    "iteration_duration": {
      "type": "trend",
      "contains": "time",
      "values": {
        "max": 1027.02426,
        "p(90)": 27.758606,
        "p(95)": 77.11492625,
        "avg": 25.36873836314553,
        "min": 9.139065,
        "med": 15.677791
      }
    },
    "http_req_sending": {
      "type": "trend",
      "contains": "time",
      "values": {
        "avg": 0.035022230981447015,
        "min": 0.003063,
        "med": 0.0327265,
        "max": 3.68989,
        "p(90)": 0.05171990000000001,
        "p(95)": 0.057834449999999996
      }
    },
    "data_received": {
      "type": "counter",
      "contains": "data",
      "values": {
        "count": 263617954,
        "rate": 292904.0259911199
      }
    },
    "iterations": {
      "type": "counter",
      "contains": "default",
      "values": {
        "count": 57996,
        "rate": 64.43894140602043
      }
    },
    "vus": {
      "values": {
        "value": 1,
        "min": 0,
        "max": 36
      },
      "type": "gauge",
      "contains": "default"
    }
  },
  "root_group": {
    "name": "",
    "path": "",
    "id": "d41d8cd98f00b204e9800998ecf8427e",
    "groups": [],
    "checks": [
        {
          "name": "POST /bonus success",
          "path": "::POST /bonus success",
          "id": "88575a74097a77bfe10b6800bb7701a3",
          "passes": 57995,
          "fails": 1
        },
        {
          "name": "GET /bonus/recents success",
          "path": "::GET /bonus/recents success",
          "id": "9ecdbc1d40fa66bb8bded2b5dbab85e3",
          "passes": 57996,
          "fails": 0
        }
      ]
  },
  "options": {
    "noColor": false,
    "summaryTrendStats": [
      "avg",
      "min",
      "med",
      "max",
      "p(90)",
      "p(95)"
    ],
    "summaryTimeUnit": ""
  }
}