{
  "state": {
    "isStdOutTTY": true,
    "isStdErrTTY": true,
    "testRunDurationMs": 360028.061733
  },
  "metrics": {
    "data_received": {
      "type": "counter",
      "contains": "data",
      "values": {
        "count": 36882131,
        "rate": 102442.37858145656
      }
    },
    "iterations": {
      "type": "counter",
      "contains": "default",
      "values": {
        "count": 85616,
        "rate": 237.80368560130066
      }
    },
    "vus": {
      "type": "gauge",
      "contains": "default",
      "values": {
        "min": 0,
        "max": 300,
        "value": 0
      }
    },
    "http_req_duration{expected_response:true}": {
      "type": "trend",
      "contains": "time",
      "values": {
        "avg": 273.5287329307827,
        "min": 15.616095,
        "med": 40.0517705,
        "max": 2828.556031,
        "p(90)": 788.7801675000001,
        "p(95)": 840.34153875
      }
    },
    "http_req_sending": {
      "type": "trend",
      "contains": "time",
      "values": {
        "avg": 0.0367064704260887,
        "min": 0.003645,
        "med": 0.035518,
        "max": 5.470407,
        "p(90)": 0.0489455,
        "p(95)": 0.05489575
      }
    },
    "vus_max": {
      "values": {
        "value": 300,
        "min": 50,
        "max": 300
      },
      "type": "gauge",
      "contains": "default"
    },
    "http_req_receiving": {
      "contains": "time",
      "values": {
        "avg": 0.09619222218977862,
        "min": 0.008764,
        "med": 0.0938185,
        "max": 3.341301,
        "p(90)": 0.13125350000000002,
        "p(95)": 0.14616
      },
      "type": "trend"
    },
    "checks": {
      "type": "rate",
      "contains": "default",
      "values": {
        "rate": 1,
        "passes": 85616,
        "fails": 0
      }
    },
    "iteration_duration": {
      "type": "trend",
      "contains": "time",
      "values": {
        "avg": 273.92844013028963,
        "min": 15.902788,
        "med": 40.348806999999994,
        "max": 2828.897085,
        "p(90)": 789.1440465000001,
        "p(95)": 840.66249075
      }
    },
    "dropped_iterations": {
      "contains": "default",
      "values": {
        "count": 4984,
        "rate": 13.843365364381453
      },
      "type": "counter"
    },
    "http_req_duration": {
      "type": "trend",
      "contains": "time",
      "values": {
        "avg": 273.5287329307827,
        "min": 15.616095,
        "med": 40.0517705,
        "max": 2828.556031,
        "p(90)": 788.7801675000001,
        "p(95)": 840.34153875
      },
      "thresholds": {
        "p(95)<1000": {
          "ok": true
        }
      }
    },
    "http_req_tls_handshaking": {
      "contains": "time",
      "values": {
        "avg": 0,
        "min": 0,
        "med": 0,
        "max": 0,
        "p(90)": 0,
        "p(95)": 0
      },
      "type": "trend"
    },
    "http_req_failed": {
      "type": "rate",
      "contains": "default",
      "values": {
        "fails": 85616,
        "rate": 0,
        "passes": 0
      },
      "thresholds": {
        "rate<0.01": {
          "ok": true
        }
      }
    },
    "http_req_blocked": {
      "type": "trend",
      "contains": "time",
      "values": {
        "p(95)": 0.01423,
        "avg": 0.12404182798776178,
        "min": 0.001031,
        "med": 0.009151,
        "max": 1044.661065,
        "p(90)": 0.012552
      }
    },
    "data_sent": {
      "type": "counter",
      "contains": "data",
      "values": {
        "rate": 49681.50236373786,
        "count": 17886735
      }
    },
    "http_req_connecting": {
      "type": "trend",
      "contains": "time",
      "values": {
        "max": 1044.554315,
        "p(90)": 0,
        "p(95)": 0,
        "avg": 0.11400621574238466,
        "min": 0,
        "med": 0
      }
    },
    "http_req_waiting": {
      "type": "trend",
      "contains": "time",
      "values": {
        "max": 2828.394573,
        "p(90)": 788.6482395,
        "p(95)": 840.21053825,
        "avg": 273.39583423817106,
        "min": 15.442926,
        "med": 39.9321865
      }
    },
    "http_reqs": {
      "type": "counter",
      "contains": "default",
      "values": {
        "count": 85616,
        "rate": 237.80368560130066
      }
    }
  },
  "root_group": {
    "name": "",
    "path": "",
    "id": "d41d8cd98f00b204e9800998ecf8427e",
    "groups": [],
    "checks": [
        {
          "name": "http_success",
          "path": "::http_success",
          "id": "ccb6e06873a8792270ed84c6f0cb269a",
          "passes": 85616,
          "fails": 0
        }
      ]
  },
  "options": {
    "summaryTrendStats": [
      "avg",
      "min",
      "med",
      "max",
      "p(90)",
      "p(95)"
    ],
    "summaryTimeUnit": "",
    "noColor": false
  }
}