{
  "metrics": {
    "dropped_iterations": {
      "values": {
        "count": 2799,
        "rate": 4.6538965718669605
      },
      "type": "counter",
      "contains": "default"
    },
    "http_req_tls_handshaking": {
      "type": "trend",
      "contains": "time",
      "values": {
        "max": 0,
        "p(90)": 0,
        "p(95)": 0,
        "avg": 0,
        "min": 0,
        "med": 0
      }
    },
    "data_sent": {
      "type": "counter",
      "contains": "data",
      "values": {
        "count": 106865116,
        "rate": 177684.60057326368
      }
    },
    "http_req_duration{expected_response:true}": {
      "contains": "time",
      "values": {
        "p(90)": 42.17518760000004,
        "p(95)": 80.77312985,
        "avg": 30.00195474978605,
        "min": 2.998555,
        "med": 12.6723575,
        "max": 12992.47584
      },
      "type": "trend"
    },
    "http_req_sending": {
      "contains": "time",
      "values": {
        "min": 0.001852,
        "med": 0.023838,
        "max": 9.105319,
        "p(90)": 0.042915,
        "p(95)": 0.04847804999999999,
        "avg": 0.026835685428967335
      },
      "type": "trend"
    },
    "http_req_duration": {
      "type": "trend",
      "contains": "time",
      "values": {
        "avg": 30.00195474978605,
        "min": 2.998555,
        "med": 12.6723575,
        "max": 12992.47584,
        "p(90)": 42.17518760000004,
        "p(95)": 80.77312985
      }
    },
    "http_req_receiving": {
      "type": "trend",
      "contains": "time",
      "values": {
        "avg": 2.0865357695318876,
        "min": 0.006088,
        "med": 0.083533,
        "max": 6884.118759,
        "p(90)": 1.7083902000000009,
        "p(95)": 3.371141999999999
      }
    },
    "vus": {
      "type": "gauge",
      "contains": "default",
      "values": {
        "value": 4,
        "min": 0,
        "max": 250
      }
    },
    "http_req_blocked": {
      "type": "trend",
      "contains": "time",
      "values": {
        "avg": 0.0435705479312731,
        "min": 0.000586,
        "med": 0.007402,
        "max": 219.788562,
        "p(90)": 0.011683,
        "p(95)": 0.013034
      }
    },
    "checks": {
      "type": "rate",
      "contains": "default",
      "values": {
        "passes": 433600,
        "fails": 0,
        "rate": 1
      }
    },
    "iterations": {
      "type": "counter",
      "contains": "default",
      "values": {
        "rate": 360.4733036015566,
        "count": 216800
      }
    },
    "vus_max": {
      "type": "gauge",
      "contains": "default",
      "values": {
        "value": 250,
        "min": 100,
        "max": 250
      }
    },
    "http_req_waiting": {
      "values": {
        "avg": 27.88858329482411,
        "min": 2.950294,
        "med": 12.209639,
        "max": 12988.228857,
        "p(90)": 40.562190000000044,
        "p(95)": 76.2002218
      },
      "type": "trend",
      "contains": "time"
    },
    "http_reqs": {
      "type": "counter",
      "contains": "default",
      "values": {
        "count": 433600,
        "rate": 720.9466072031132
      }
    },
    "data_received": {
      "contains": "data",
      "values": {
        "count": 973898613,
        "rate": 1619300.9704847042
      },
      "type": "counter"
    },
    "http_req_connecting": {
      "type": "trend",
      "contains": "time",
      "values": {
        "avg": 0.035497288632380074,
        "min": 0,
        "med": 0,
        "max": 219.667499,
        "p(90)": 0,
        "p(95)": 0
      }
    },
    "iteration_duration": {
      "type": "trend",
      "contains": "time",
      "values": {
        "avg": 60.52612361522683,
        "min": 8.11945,
        "med": 26.092412500000002,
        "max": 13304.866075,
        "p(90)": 89.21838950000001,
        "p(95)": 183.16525019999983
      }
    },
    "http_req_duration{method:GET}": {
      "thresholds": {
        "p(95)<200": {
          "ok": true
        }
      },
      "type": "trend",
      "contains": "time",
      "values": {
        "max": 12992.47584,
        "p(90)": 39.38102230000001,
        "p(95)": 78.66385459999994,
        "avg": 28.302861439598,
        "min": 2.998555,
        "med": 11.542584
      }
    },
    "http_req_duration{method:POST}": {
      "thresholds": {
        "p(95)<200": {
          "ok": true
        }
      },
      "type": "trend",
      "contains": "time",
      "values": {
        "med": 13.868088,
        "max": 6247.792613,
        "p(90)": 44.50102870000001,
        "p(95)": 82.82631334999991,
        "avg": 31.701048059972628,
        "min": 3.910808
      }
    },
    "http_req_failed": {
      "type": "rate",
      "contains": "default",
      "values": {
        "rate": 0,
        "passes": 0,
        "fails": 433600
      },
      "thresholds": {
        "rate<0.01": {
          "ok": true
        }
      }
    }
  },
  "root_group": {
    "name": "",
    "path": "",
    "id": "d41d8cd98f00b204e9800998ecf8427e",
    "groups": [],
    "checks": [
        {
          "fails": 0,
          "name": "POST /bonus success",
          "path": "::POST /bonus success",
          "id": "88575a74097a77bfe10b6800bb7701a3",
          "passes": 216800
        },
        {
          "name": "GET /bonus/recents success",
          "path": "::GET /bonus/recents success",
          "id": "9ecdbc1d40fa66bb8bded2b5dbab85e3",
          "passes": 216800,
          "fails": 0
        }
      ]
  },
  "options": {
    "summaryTrendStats": [
      "avg",
      "min",
      "med",
      "max",
      "p(90)",
      "p(95)"
    ],
    "summaryTimeUnit": "",
    "noColor": false
  },
  "state": {
    "isStdOutTTY": false,
    "isStdErrTTY": false,
    "testRunDurationMs": 601431.500846
  }
}