{
  "state": {
    "isStdOutTTY": false,
    "isStdErrTTY": false,
    "testRunDurationMs": 600120.611212
  },
  "metrics": {
    "http_req_duration": {
      "type": "trend",
      "contains": "time",
      "values": {
        "avg": 56.87395518197844,
        "min": 5.205704,
        "med": 23.8775865,
        "max": 2981.880706,
        "p(90)": 137.8269108,
        "p(95)": 196.04793279999973
      }
    },
    "data_sent": {
      "type": "counter",
      "contains": "data",
      "values": {
        "count": 106460310,
        "rate": 177398.18964889974
      }
    },
    "iterations": {
      "values": {
        "count": 215979,
        "rate": 359.89265485118085
      },
      "type": "counter",
      "contains": "default"
    },
    "vus_max": {
      "type": "gauge",
      "contains": "default",
      "values": {
        "value": 250,
        "min": 100,
        "max": 250
      }
    },
    "http_req_duration{method:GET}": {
      "contains": "time",
      "values": {
        "p(95)": 206.42571489999952,
        "avg": 57.94628241962727,
        "min": 5.205704,
        "med": 22.423844,
        "max": 2981.880706,
        "p(90)": 138.29614220000002
      },
      "thresholds": {
        "p(95)<200": {
          "ok": false
        }
      },
      "type": "trend"
    },
    "iteration_duration": {
      "values": {
        "min": 12.041362,
        "med": 49.521389,
        "max": 3590.770629,
        "p(90)": 282.07590880000004,
        "p(95)": 387.1193091999993,
        "avg": 114.28891659180059
      },
      "type": "trend",
      "contains": "time"
    },
    "vus": {
      "type": "gauge",
      "contains": "default",
      "values": {
        "value": 33,
        "min": 0,
        "max": 250
      }
    },
    "http_req_blocked": {
      "type": "trend",
      "contains": "time",
      "values": {
        "avg": 0.0453261324758421,
        "min": 0.000546,
        "med": 0.007834,
        "max": 1167.852203,
        "p(90)": 0.011996,
        "p(95)": 0.013138149999999965
      }
    },
    "data_received": {
      "type": "counter",
      "contains": "data",
      "values": {
        "count": 996509769,
        "rate": 1660515.820290616
      }
    },
    "http_req_failed": {
      "type": "rate",
      "contains": "default",
      "values": {
        "fails": 431958,
        "rate": 0,
        "passes": 0
      },
      "thresholds": {
        "rate<0.01": {
          "ok": true
        }
      }
    },
    "http_req_receiving": {
      "contains": "time",
      "values": {
        "avg": 4.735176584357712,
        "min": 0.005752,
        "med": 0.089394,
        "max": 2711.638939,
        "p(90)": 2.9246026999999986,
        "p(95)": 6.1693003
      },
      "type": "trend"
    },
    "http_req_duration{expected_response:true}": {
      "type": "trend",
      "contains": "time",
      "values": {
        "max": 2981.880706,
        "p(90)": 137.8269108,
        "p(95)": 196.04793279999973,
        "avg": 56.87395518197844,
        "min": 5.205704,
        "med": 23.8775865
      }
    },
    "http_req_sending": {
      "type": "trend",
      "contains": "time",
      "values": {
        "avg": 0.028035814340746777,
        "min": 0.001481,
        "med": 0.02513,
        "max": 4.917009,
        "p(90)": 0.044335,
        "p(95)": 0.04918614999999996
      }
    },
    "http_req_duration{method:POST}": {
      "type": "trend",
      "contains": "time",
      "values": {
        "max": 2415.050563,
        "p(90)": 137.4101220000001,
        "p(95)": 187.47782779999991,
        "avg": 55.80162794432882,
        "min": 6.345358,
        "med": 25.263447
      },
      "thresholds": {
        "p(95)<200": {
          "ok": true
        }
      }
    },
    "http_req_tls_handshaking": {
      "type": "trend",
      "contains": "time",
      "values": {
        "avg": 0,
        "min": 0,
        "med": 0,
        "max": 0,
        "p(90)": 0,
        "p(95)": 0
      }
    },
    "checks": {
      "type": "rate",
      "contains": "default",
      "values": {
        "rate": 1,
        "passes": 431958,
        "fails": 0
      }
    },
    "http_reqs": {
      "type": "counter",
      "contains": "default",
      "values": {
        "count": 431958,
        "rate": 719.7853097023617
      }
    },
    "dropped_iterations": {
      "type": "counter",
      "contains": "default",
      "values": {
        "rate": 6.030454432636615,
        "count": 3619
      }
    },
    "http_req_connecting": {
      "type": "trend",
      "contains": "time",
      "values": {
        "avg": 0.03688812202112242,
        "min": 0,
        "med": 0,
        "max": 1167.725372,
        "p(90)": 0,
        "p(95)": 0
      }
    },
    "http_req_waiting": {
      "contains": "time",
      "values": {
        "p(90)": 131.06558949999996,
        "p(95)": 179.56187939999987,
        "avg": 52.11074278327826,
        "min": 5.070153,
        "med": 23.1269995,
        "max": 2685.34889
      },
      "type": "trend"
    }
  },
  "root_group": {
    "groups": [],
    "checks": [
        {
          "passes": 215979,
          "fails": 0,
          "name": "POST /bonus success",
          "path": "::POST /bonus success",
          "id": "88575a74097a77bfe10b6800bb7701a3"
        },
        {
          "path": "::GET /bonus/recents success",
          "id": "9ecdbc1d40fa66bb8bded2b5dbab85e3",
          "passes": 215979,
          "fails": 0,
          "name": "GET /bonus/recents success"
        }
      ],
    "name": "",
    "path": "",
    "id": "d41d8cd98f00b204e9800998ecf8427e"
  },
  "options": {
    "noColor": false,
    "summaryTrendStats": [
      "avg",
      "min",
      "med",
      "max",
      "p(90)",
      "p(95)"
    ],
    "summaryTimeUnit": ""
  }
}