{
  "state": {
    "isStdOutTTY": false,
    "isStdErrTTY": false,
    "testRunDurationMs": 395424.173511
  },
  "metrics": {
    "vus": {
      "type": "gauge",
      "contains": "default",
      "values": {
        "value": 28,
        "min": 6,
        "max": 508
      }
    },
    "http_reqs": {
      "type": "counter",
      "contains": "default",
      "values": {
        "rate": 107.82092460721542,
        "count": 42635
      }
    },
    "http_req_duration{expected_response:true}": {
      "contains": "time",
      "values": {
        "avg": 725.9563080955238,
        "min": 162.070211,
        "med": 175.906872,
        "max": 4940.023444,
        "p(90)": 2698.4541102000007,
        "p(95)": 3312.2128614000003
      },
      "type": "trend"
    },
    "dropped_iterations": {
      "values": {
        "rate": 0.543719920031695,
        "count": 215
      },
      "type": "counter",
      "contains": "default"
    },
    "http_req_receiving": {
      "type": "trend",
      "contains": "time",
      "values": {
        "avg": 1.2507454732496937,
        "min": 0.01475,
        "med": 0.172467,
        "max": 1207.916629,
        "p(90)": 0.6064809999999999,
        "p(95)": 0.9941771999999984
      }
    },
    "iteration_duration": {
      "type": "trend",
      "contains": "time",
      "values": {
        "avg": 1390.684005510819,
        "min": 306.066389,
        "med": 353.466341,
        "max": 8902.636171,
        "p(90)": 5064.906737,
        "p(95)": 6244.436943
      }
    },
    "http_req_duration{method:GET}": {
      "type": "trend",
      "contains": "time",
      "values": {
        "p(90)": 2594.917412,
        "p(95)": 3207.9460225000003,
        "avg": 665.8342665116575,
        "min": 152.564763,
        "med": 174.270393,
        "max": 4940.023444
      },
      "thresholds": {
        "p(95)<1000": {
          "ok": false
        }
      }
    },
    "vus_max": {
      "type": "gauge",
      "contains": "default",
      "values": {
        "min": 300,
        "max": 515,
        "value": 515
      }
    },
    "http_req_duration{method:POST}": {
      "type": "trend",
      "contains": "time",
      "values": {
        "avg": 719.324009864612,
        "min": 152.707749,
        "med": 177.06849499999998,
        "max": 4579.252951,
        "p(90)": 2684.340064,
        "p(95)": 3335.2746136999995
      },
      "thresholds": {
        "p(95)<1000": {
          "ok": false
        }
      }
    },
    "data_received": {
      "type": "counter",
      "contains": "data",
      "values": {
        "count": 93311997,
        "rate": 235979.49556668726
      }
    },
    "http_req_failed": {
      "values": {
        "rate": 0.060091474140963996,
        "passes": 2562,
        "fails": 40073
      },
      "thresholds": {
        "rate<0.01": {
          "ok": false
        }
      },
      "type": "rate",
      "contains": "default"
    },
    "http_req_connecting": {
      "type": "trend",
      "contains": "time",
      "values": {
        "avg": 2.3053930653688304,
        "min": 0,
        "med": 0,
        "max": 1238.620596,
        "p(90)": 0,
        "p(95)": 0
      }
    },
    "http_req_duration": {
      "type": "trend",
      "contains": "time",
      "values": {
        "p(95)": 3290.6655546999978,
        "avg": 692.5872930686746,
        "min": 152.564763,
        "med": 175.459631,
        "max": 4940.023444,
        "p(90)": 2623.1356917999997
      }
    },
    "data_sent": {
      "type": "counter",
      "contains": "data",
      "values": {
        "count": 10430926,
        "rate": 26379.080235239664
      }
    },
    "checks": {
      "type": "rate",
      "contains": "default",
      "values": {
        "rate": 0.939908525859036,
        "passes": 40073,
        "fails": 2562
      }
    },
    "http_req_blocked": {
      "values": {
        "avg": 2.3169607357804494,
        "min": 0.001185,
        "med": 0.009442,
        "max": 1238.749841,
        "p(90)": 0.014338199999999997,
        "p(95)": 0.016509599999999992
      },
      "type": "trend",
      "contains": "time"
    },
    "http_req_sending": {
      "type": "trend",
      "contains": "time",
      "values": {
        "p(90)": 0.05372,
        "p(95)": 0.061628899999999986,
        "avg": 0.035277980133693154,
        "min": 0.003511,
        "med": 0.031605,
        "max": 2.938075
      }
    },
    "http_req_tls_handshaking": {
      "type": "trend",
      "contains": "time",
      "values": {
        "med": 0,
        "max": 0,
        "p(90)": 0,
        "p(95)": 0,
        "avg": 0,
        "min": 0
      }
    },
    "iterations": {
      "type": "counter",
      "contains": "default",
      "values": {
        "count": 21311,
        "rate": 53.89402425951373
      }
    },
    "http_req_waiting": {
      "type": "trend",
      "contains": "time",
      "values": {
        "p(90)": 2622.541781399999,
        "p(95)": 3289.9340243999986,
        "avg": 691.3012696152911,
        "min": 152.481042,
        "med": 175.081547,
        "max": 4618.160496
      }
    }
  },
  "root_group": {
    "checks": [
      {
        "name": "POST /bonus success",
        "path": "::POST /bonus success",
        "id": "88575a74097a77bfe10b6800bb7701a3",
        "passes": 20272,
        "fails": 1052
      },
      {
        "id": "9ecdbc1d40fa66bb8bded2b5dbab85e3",
        "passes": 19801,
        "fails": 1510,
        "name": "GET /bonus/recents success",
        "path": "::GET /bonus/recents success"
      }
    ],
    "name": "",
    "path": "",
    "id": "d41d8cd98f00b204e9800998ecf8427e",
    "groups": []
  },
  "options": {
    "summaryTrendStats": [
      "avg",
      "min",
      "med",
      "max",
      "p(90)",
      "p(95)"
    ],
    "summaryTimeUnit": "",
    "noColor": false
  }
}