{
  "metrics": {
    "http_req_sending": {
      "values": {
        "p(90)": 0.043647,
        "p(95)": 0.049499,
        "avg": 0.027770104732660724,
        "min": 0.002107,
        "med": 0.024823,
        "max": 3.79191
      },
      "type": "trend",
      "contains": "time"
    },
    "iterations": {
      "contains": "default",
      "values": {
        "count": 216728,
        "rate": 361.1945847807375
      },
      "type": "counter"
    },
    "http_req_duration{method:POST}": {
      "type": "trend",
      "contains": "time",
      "values": {
        "max": 3068.676348,
        "p(90)": 136.4514423,
        "p(95)": 193.42704144999996,
        "avg": 56.93696645646011,
        "min": 6.020096,
        "med": 25.201542
      },
      "thresholds": {
        "p(95)<200": {
          "ok": true
        }
      }
    },
    "vus_max": {
      "type": "gauge",
      "contains": "default",
      "values": {
        "value": 250,
        "min": 100,
        "max": 250
      }
    },
    "http_req_duration{method:GET}": {
      "type": "trend",
      "contains": "time",
      "values": {
        "min": 5.297609,
        "med": 23.096117,
        "max": 2918.070355,
        "p(90)": 137.73193440000003,
        "p(95)": 201.3255802,
        "avg": 57.02940719907401
      },
      "thresholds": {
        "p(95)<200": {
          "ok": false
        }
      }
    },
    "data_received": {
      "type": "counter",
      "contains": "data",
      "values": {
        "count": 1000275919,
        "rate": 1667040.0005046676
      }
    },
    "http_req_duration": {
      "values": {
        "avg": 56.98318682776848,
        "min": 5.297609,
        "med": 24.2177955,
        "max": 3068.676348,
        "p(90)": 137.0236965,
        "p(95)": 197.50311399999998
      },
      "type": "trend",
      "contains": "time"
    },
    "http_req_connecting": {
      "type": "trend",
      "contains": "time",
      "values": {
        "min": 0,
        "med": 0,
        "max": 1210.286503,
        "p(90)": 0,
        "p(95)": 0,
        "avg": 0.056961732609538226
      }
    },
    "http_req_receiving": {
      "type": "trend",
      "contains": "time",
      "values": {
        "avg": 4.018033501114303,
        "min": 0.006112,
        "med": 0.0877425,
        "max": 2687.2956,
        "p(90)": 2.688085,
        "p(95)": 5.7436549999999995
      }
    },
    "dropped_iterations": {
      "contains": "default",
      "values": {
        "count": 2868,
        "rate": 4.779751897083695
      },
      "type": "counter"
    },
    "http_req_failed": {
      "type": "rate",
      "contains": "default",
      "values": {
        "passes": 0,
        "fails": 433456,
        "rate": 0
      },
      "thresholds": {
        "rate<0.01": {
          "ok": true
        }
      }
    },
    "http_reqs": {
      "contains": "default",
      "values": {
        "count": 433456,
        "rate": 722.389169561475
      },
      "type": "counter"
    },
    "iteration_duration": {
      "type": "trend",
      "contains": "time",
      "values": {
        "med": 50.754371500000005,
        "max": 3224.079976,
        "p(90)": 281.4662994000002,
        "p(95)": 386.6690839499997,
        "avg": 114.54613201950629,
        "min": 12.666289
      }
    },
    "checks": {
      "type": "rate",
      "contains": "default",
      "values": {
        "rate": 1,
        "passes": 433456,
        "fails": 0
      }
    },
    "http_req_tls_handshaking": {
      "type": "trend",
      "contains": "time",
      "values": {
        "p(90)": 0,
        "p(95)": 0,
        "avg": 0,
        "min": 0,
        "med": 0,
        "max": 0
      }
    },
    "http_req_blocked": {
      "type": "trend",
      "contains": "time",
      "values": {
        "avg": 0.06533272089670131,
        "min": 0.00068,
        "med": 0.007689,
        "max": 1210.364361,
        "p(90)": 0.011867,
        "p(95)": 0.01326025
      }
    },
    "vus": {
      "type": "gauge",
      "contains": "default",
      "values": {
        "min": 0,
        "max": 250,
        "value": 17
      }
    },
    "http_req_waiting": {
      "values": {
        "avg": 52.937383221920726,
        "min": 5.260759,
        "med": 23.5350075,
        "max": 3066.545058,
        "p(90)": 130.4068405,
        "p(95)": 183.34309025
      },
      "type": "trend",
      "contains": "time"
    },
    "data_sent": {
      "type": "counter",
      "contains": "data",
      "values": {
        "count": 106829628,
        "rate": 178040.13845807026
      }
    },
    "http_req_duration{expected_response:true}": {
      "type": "trend",
      "contains": "time",
      "values": {
        "p(95)": 197.50311399999998,
        "avg": 56.98318682776848,
        "min": 5.297609,
        "med": 24.2177955,
        "max": 3068.676348,
        "p(90)": 137.0236965
      }
    }
  },
  "root_group": {
    "id": "d41d8cd98f00b204e9800998ecf8427e",
    "groups": [],
    "checks": [
        {
          "id": "88575a74097a77bfe10b6800bb7701a3",
          "passes": 216728,
          "fails": 0,
          "name": "POST /bonus success",
          "path": "::POST /bonus success"
        },
        {
          "name": "GET /bonus/recents success",
          "path": "::GET /bonus/recents success",
          "id": "9ecdbc1d40fa66bb8bded2b5dbab85e3",
          "passes": 216728,
          "fails": 0
        }
      ],
    "name": "",
    "path": ""
  },
  "options": {
    "summaryTrendStats": [
      "avg",
      "min",
      "med",
      "max",
      "p(90)",
      "p(95)"
    ],
    "summaryTimeUnit": "",
    "noColor": false
  },
  "state": {
    "isStdOutTTY": false,
    "isStdErrTTY": false,
    "testRunDurationMs": 600031.144242
  }
}