{
  "metrics": {
    "http_req_sending": {
      "type": "trend",
      "contains": "time",
      "values": {
        "avg": 0.02911430481679463,
        "min": 0.001707,
        "med": 0.026275,
        "max": 1.998312,
        "p(90)": 0.043979,
        "p(95)": 0.04772254999999999
      }
    },
    "http_req_duration{method:POST}": {
      "type": "trend",
      "contains": "time",
      "values": {
        "avg": 56.438162158224685,
        "min": 6.064035,
        "med": 31.059462,
        "max": 6014.448196,
        "p(90)": 117.5364036,
        "p(95)": 172.14905969999987
      },
      "thresholds": {
        "p(95)<200": {
          "ok": true
        }
      }
    },
    "data_sent": {
      "type": "counter",
      "contains": "data",
      "values": {
        "rate": 177316.73829963646,
        "count": 106478146
      }
    },
    "iterations": {
      "type": "counter",
      "contains": "default",
      "values": {
        "count": 216015,
        "rate": 359.7271051638706
      }
    },
    "http_req_failed": {
      "values": {
        "passes": 0,
        "fails": 432030,
        "rate": 0
      },
      "thresholds": {
        "rate<0.01": {
          "ok": true
        }
      },
      "type": "rate",
      "contains": "default"
    },
    "http_req_waiting": {
      "type": "trend",
      "contains": "time",
      "values": {
        "med": 28.9301475,
        "max": 6014.406949,
        "p(90)": 112.9627455,
        "p(95)": 162.8024804499999,
        "avg": 52.862420310297956,
        "min": 5.117841
      }
    },
    "http_req_receiving": {
      "type": "trend",
      "contains": "time",
      "values": {
        "avg": 5.067864039737904,
        "min": 0.006516,
        "med": 0.09362,
        "max": 5233.003047,
        "p(90)": 2.8312085000000007,
        "p(95)": 6.714292899999999
      }
    },
    "vus": {
      "type": "gauge",
      "contains": "default",
      "values": {
        "min": 0,
        "max": 250,
        "value": 250
      }
    },
    "http_req_duration{expected_response:true}": {
      "type": "trend",
      "contains": "time",
      "values": {
        "med": 29.758755,
        "max": 6597.596611,
        "p(90)": 119.5384782,
        "p(95)": 183.48964404999978,
        "avg": 57.95939865485238,
        "min": 5.402707
      }
    },
    "iteration_duration": {
      "type": "trend",
      "contains": "time",
      "values": {
        "p(95)": 371.0174317999999,
        "avg": 116.50077112541177,
        "min": 13.375098,
        "med": 61.949611,
        "max": 6785.602221,
        "p(90)": 252.3123382000001
      }
    },
    "http_req_tls_handshaking": {
      "type": "trend",
      "contains": "time",
      "values": {
        "avg": 0,
        "min": 0,
        "med": 0,
        "max": 0,
        "p(90)": 0,
        "p(95)": 0
      }
    },
    "dropped_iterations": {
      "type": "counter",
      "contains": "default",
      "values": {
        "count": 3584,
        "rate": 5.968390828911475
      }
    },
    "http_req_duration": {
      "type": "trend",
      "contains": "time",
      "values": {
        "p(90)": 119.5384782,
        "p(95)": 183.48964404999978,
        "avg": 57.95939865485238,
        "min": 5.402707,
        "med": 29.758755,
        "max": 6597.596611
      }
    },
    "http_req_connecting": {
      "type": "trend",
      "contains": "time",
      "values": {
        "avg": 0.04476417385135292,
        "min": 0,
        "med": 0,
        "max": 1136.870622,
        "p(90)": 0,
        "p(95)": 0
      }
    },
    "vus_max": {
      "type": "gauge",
      "contains": "default",
      "values": {
        "value": 250,
        "min": 100,
        "max": 250
      }
    },
    "http_req_duration{method:GET}": {
      "contains": "time",
      "values": {
        "p(90)": 121.9071574,
        "p(95)": 196.22466369999992,
        "avg": 59.480635151479824,
        "min": 5.402707,
        "med": 28.387902,
        "max": 6597.596611
      },
      "thresholds": {
        "p(95)<200": {
          "ok": true
        }
      },
      "type": "trend"
    },
    "data_received": {
      "contains": "data",
      "values": {
        "count": 996981105,
        "rate": 1660260.291205365
      },
      "type": "counter"
    },
    "http_reqs": {
      "type": "counter",
      "contains": "default",
      "values": {
        "count": 432030,
        "rate": 719.4542103277412
      }
    },
    "checks": {
      "type": "rate",
      "contains": "default",
      "values": {
        "rate": 1,
        "passes": 432030,
        "fails": 0
      }
    },
    "http_req_blocked": {
      "type": "trend",
      "contains": "time",
      "values": {
        "max": 1136.948936,
        "p(90)": 0.012175,
        "p(95)": 0.013091,
        "avg": 0.053781297437679655,
        "min": 0.000556,
        "med": 0.008401
      }
    }
  },
  "root_group": {
    "name": "",
    "path": "",
    "id": "d41d8cd98f00b204e9800998ecf8427e",
    "groups": [],
    "checks": [
        {
          "id": "88575a74097a77bfe10b6800bb7701a3",
          "passes": 216015,
          "fails": 0,
          "name": "POST /bonus success",
          "path": "::POST /bonus success"
        },
        {
          "path": "::GET /bonus/recents success",
          "id": "9ecdbc1d40fa66bb8bded2b5dbab85e3",
          "passes": 216015,
          "fails": 0,
          "name": "GET /bonus/recents success"
        }
      ]
  },
  "options": {
    "summaryTrendStats": [
      "avg",
      "min",
      "med",
      "max",
      "p(90)",
      "p(95)"
    ],
    "summaryTimeUnit": "",
    "noColor": false
  },
  "state": {
    "isStdOutTTY": false,
    "isStdErrTTY": false,
    "testRunDurationMs": 600496.86804
  }
}