{
  "metrics": {
    "http_req_duration": {
      "type": "trend",
      "contains": "time",
      "values": {
        "avg": 36.37290410905764,
        "min": 5.184282,
        "med": 20.3852555,
        "max": 3461.352896,
        "p(90)": 71.22924450000008,
        "p(95)": 113.08991794999993
      }
    },
    "checks": {
      "values": {
        "rate": 1,
        "passes": 436990,
        "fails": 0
      },
      "type": "rate",
      "contains": "default"
    },
    "http_req_sending": {
      "type": "trend",
      "contains": "time",
      "values": {
        "p(95)": 0.04932554999999999,
        "avg": 0.02749121067072551,
        "min": 0.001747,
        "med": 0.0245965,
        "max": 1.878225,
        "p(90)": 0.043467
      }
    },
    "data_sent": {
      "type": "counter",
      "contains": "data",
      "values": {
        "count": 107700402,
        "rate": 179485.8511709941
      }
    },
    "vus": {
      "values": {
        "value": 31,
        "min": 0,
        "max": 250
      },
      "type": "gauge",
      "contains": "default"
    },
    "http_reqs": {
      "type": "counter",
      "contains": "default",
      "values": {
        "count": 436990,
        "rate": 728.2565398707864
      }
    },
    "dropped_iterations": {
      "contains": "default",
      "values": {
        "count": 1104,
        "rate": 1.8398480972501616
      },
      "type": "counter"
    },
    "http_req_duration{expected_response:true}": {
      "type": "trend",
      "contains": "time",
      "values": {
        "p(95)": 113.08991794999993,
        "avg": 36.37290410905764,
        "min": 5.184282,
        "med": 20.3852555,
        "max": 3461.352896,
        "p(90)": 71.22924450000008
      }
    },
    "http_req_blocked": {
      "contains": "time",
      "values": {
        "max": 1264.27053,
        "p(90)": 0.011837,
        "p(95)": 0.013177,
        "avg": 0.08527150608480732,
        "min": 0.000591,
        "med": 0.007554
      },
      "type": "trend"
    },
    "http_req_receiving": {
      "type": "trend",
      "contains": "time",
      "values": {
        "max": 3246.068006,
        "p(90)": 2.2051356,
        "p(95)": 4.08254815,
        "avg": 1.8750742686904158,
        "min": 0.006375,
        "med": 0.086651
      }
    },
    "vus_max": {
      "type": "gauge",
      "contains": "default",
      "values": {
        "value": 250,
        "min": 100,
        "max": 250
      }
    },
    "http_req_duration{method:POST}": {
      "type": "trend",
      "contains": "time",
      "values": {
        "max": 3257.668007,
        "p(90)": 73.69886660000002,
        "p(95)": 116.24377049999997,
        "avg": 37.00292935227362,
        "min": 6.234788,
        "med": 21.591476
      },
      "thresholds": {
        "p(95)<200": {
          "ok": true
        }
      }
    },
    "iteration_duration": {
      "contains": "time",
      "values": {
        "max": 3690.703359,
        "p(90)": 147.9227344,
        "p(95)": 237.97648209999994,
        "avg": 73.35825938718926,
        "min": 12.598373,
        "med": 42.316429
      },
      "type": "trend"
    },
    "http_req_duration{method:GET}": {
      "contains": "time",
      "values": {
        "min": 5.184282,
        "med": 19.155004,
        "max": 3461.352896,
        "p(90)": 68.89485020000001,
        "p(95)": 109.24968639999999,
        "avg": 35.74287886584127
      },
      "thresholds": {
        "p(95)<200": {
          "ok": true
        }
      },
      "type": "trend"
    },
    "http_req_waiting": {
      "type": "trend",
      "contains": "time",
      "values": {
        "p(90)": 69.44771230000006,
        "p(95)": 109.50860889999998,
        "avg": 34.47033862969619,
        "min": 4.836166,
        "med": 19.7839375,
        "max": 3257.502979
      }
    },
    "http_req_failed": {
      "type": "rate",
      "contains": "default",
      "values": {
        "fails": 436990,
        "rate": 0,
        "passes": 0
      },
      "thresholds": {
        "rate<0.01": {
          "ok": true
        }
      }
    },
    "http_req_tls_handshaking": {
      "type": "trend",
      "contains": "time",
      "values": {
        "min": 0,
        "med": 0,
        "max": 0,
        "p(90)": 0,
        "p(95)": 0,
        "avg": 0
      }
    },
    "iterations": {
      "type": "counter",
      "contains": "default",
      "values": {
        "count": 218495,
        "rate": 364.1282699353932
      }
    },
    "http_req_connecting": {
      "type": "trend",
      "contains": "time",
      "values": {
        "p(95)": 0,
        "avg": 0.07703350945788232,
        "min": 0,
        "med": 0,
        "max": 1264.16205,
        "p(90)": 0
      }
    },
    "data_received": {
      "type": "counter",
      "contains": "data",
      "values": {
        "count": 1008647724,
        "rate": 1680940.7570625963
      }
    }
  },
  "root_group": {
    "checks": [
      {
        "name": "POST /bonus success",
        "path": "::POST /bonus success",
        "id": "88575a74097a77bfe10b6800bb7701a3",
        "passes": 218495,
        "fails": 0
      },
      {
        "fails": 0,
        "name": "GET /bonus/recents success",
        "path": "::GET /bonus/recents success",
        "id": "9ecdbc1d40fa66bb8bded2b5dbab85e3",
        "passes": 218495
      }
    ],
    "name": "",
    "path": "",
    "id": "d41d8cd98f00b204e9800998ecf8427e",
    "groups": []
  },
  "options": {
    "summaryTrendStats": [
      "avg",
      "min",
      "med",
      "max",
      "p(90)",
      "p(95)"
    ],
    "summaryTimeUnit": "",
    "noColor": false
  },
  "state": {
    "isStdOutTTY": false,
    "isStdErrTTY": false,
    "testRunDurationMs": 600049.537595
  }
}