{
  "metrics": {
    "http_req_failed": {
      "contains": "default",
      "values": {
        "rate": 0.00008008916593807773,
        "passes": 12,
        "fails": 149821
      },
      "thresholds": {
        "rate<0.01": {
          "ok": true
        }
      },
      "type": "rate"
    },
    "vus_max": {
      "values": {
        "value": 600,
        "min": 300,
        "max": 600
      },
      "type": "gauge",
      "contains": "default"
    },
    "http_req_blocked": {
      "type": "trend",
      "contains": "time",
      "values": {
        "p(95)": 0.014156,
        "avg": 0.7835063444368047,
        "min": 0,
        "med": 0.008369,
        "max": 3404.206461,
        "p(90)": 0.012764
      }
    },
    "http_req_sending": {
      "type": "trend",
      "contains": "time",
      "values": {
        "p(90)": 0.048173,
        "p(95)": 0.05334379999999999,
        "avg": 0.03044650092436181,
        "min": 0,
        "med": 0.028076,
        "max": 1.209669
      }
    },
    "iterations": {
      "type": "counter",
      "contains": "default",
      "values": {
        "count": 74768,
        "rate": 93.78344494288687
      }
    },
    "http_req_tls_handshaking": {
      "contains": "time",
      "values": {
        "avg": 0,
        "min": 0,
        "med": 0,
        "max": 0,
        "p(90)": 0,
        "p(95)": 0
      },
      "type": "trend"
    },
    "data_sent": {
      "type": "counter",
      "contains": "data",
      "values": {
        "count": 36818332,
        "rate": 46182.19040245733
      }
    },
    "http_req_duration{expected_response:true}": {
      "type": "trend",
      "contains": "time",
      "values": {
        "max": 5285.713124,
        "p(90)": 1578.120393,
        "p(95)": 1667.207001,
        "avg": 605.5596448611398,
        "min": 156.964995,
        "med": 171.572579
      }
    },
    "http_req_duration{method:GET}": {
      "type": "trend",
      "contains": "time",
      "values": {
        "avg": 603.1287038172035,
        "min": 156.964995,
        "med": 170.680488,
        "max": 5285.713124,
        "p(90)": 1584.3687113,
        "p(95)": 1671.7716139999998
      },
      "thresholds": {
        "p(95)<1000": {
          "ok": false
        }
      }
    },
    "checks": {
      "type": "rate",
      "contains": "default",
      "values": {
        "rate": 0.999919910834062,
        "passes": 149821,
        "fails": 12
      }
    },
    "dropped_iterations": {
      "type": "counter",
      "contains": "default",
      "values": {
        "count": 1948,
        "rate": 2.4434270108702068
      }
    },
    "http_req_duration{method:POST}": {
      "values": {
        "avg": 607.884162069357,
        "min": 0,
        "med": 172.174218,
        "max": 5019.549548,
        "p(90)": 1573.0768990000001,
        "p(95)": 1666.4905848
      },
      "thresholds": {
        "p(95)<1000": {
          "ok": false
        }
      },
      "type": "trend",
      "contains": "time"
    },
    "http_req_duration": {
      "values": {
        "max": 5285.713124,
        "p(90)": 1578.1006490000002,
        "p(95)": 1667.1875922,
        "avg": 605.511146094257,
        "min": 0,
        "med": 171.57077
      },
      "type": "trend",
      "contains": "time"
    },
    "http_req_receiving": {
      "values": {
        "p(90)": 1.1135198000000002,
        "p(95)": 1.7546557999999932,
        "avg": 3.726446832747112,
        "min": 0,
        "med": 0.228243,
        "max": 3750.461664
      },
      "type": "trend",
      "contains": "time"
    },
    "http_req_waiting": {
      "type": "trend",
      "contains": "time",
      "values": {
        "min": 0,
        "med": 170.987363,
        "max": 5019.500346,
        "p(90)": 1575.2219608000007,
        "p(95)": 1663.8911378,
        "avg": 601.7542527605948
      }
    },
    "data_received": {
      "type": "counter",
      "contains": "data",
      "values": {
        "count": 345191527,
        "rate": 432982.7007162897
      }
    },
    "http_reqs": {
      "type": "counter",
      "contains": "default",
      "values": {
        "count": 149833,
        "rate": 187.93942470211277
      }
    },
    "vus": {
      "contains": "default",
      "values": {
        "max": 600,
        "value": 600,
        "min": 10
      },
      "type": "gauge"
    },
    "http_req_connecting": {
      "values": {
        "p(95)": 0,
        "avg": 0.7742619208785779,
        "min": 0,
        "med": 0,
        "max": 3404.070946,
        "p(90)": 0
      },
      "type": "trend",
      "contains": "time"
    },
    "iteration_duration": {
      "type": "trend",
      "contains": "time",
      "values": {
        "med": 345.14431,
        "max": 32198.538235,
        "p(90)": 3130.9242347000004,
        "p(95)": 3285.39183745,
        "avg": 1213.5933553458,
        "min": 316.303209
      }
    }
  },
  "root_group": {
    "path": "",
    "id": "d41d8cd98f00b204e9800998ecf8427e",
    "groups": [],
    "checks": [
        {
          "name": "POST /bonus success",
          "path": "::POST /bonus success",
          "id": "88575a74097a77bfe10b6800bb7701a3",
          "passes": 75053,
          "fails": 12
        },
        {
          "fails": 0,
          "name": "GET /bonus/recents success",
          "path": "::GET /bonus/recents success",
          "id": "9ecdbc1d40fa66bb8bded2b5dbab85e3",
          "passes": 74768
        }
      ],
    "name": ""
  },
  "options": {
    "summaryTrendStats": [
      "avg",
      "min",
      "med",
      "max",
      "p(90)",
      "p(95)"
    ],
    "summaryTimeUnit": "",
    "noColor": false
  },
  "state": {
    "isStdOutTTY": false,
    "isStdErrTTY": false,
    "testRunDurationMs": 797240.920778
  }
}