{
  "metrics": {
    "http_req_duration": {
      "type": "trend",
      "contains": "time",
      "values": {
        "max": 5669.08593,
        "p(90)": 78.03652180000005,
        "p(95)": 114.22269915,
        "avg": 41.76406251739351,
        "min": 5.235596,
        "med": 25.5369395
      }
    },
    "http_req_sending": {
      "values": {
        "avg": 0.028367385858145047,
        "min": 0.001626,
        "med": 0.025623,
        "max": 3.949012,
        "p(90)": 0.04335010000000004,
        "p(95)": 0.04740304999999999
      },
      "type": "trend",
      "contains": "time"
    },
    "iteration_duration": {
      "type": "trend",
      "contains": "time",
      "values": {
        "avg": 84.30337175898153,
        "min": 13.224083,
        "med": 53.45616750000001,
        "max": 6220.857617,
        "p(90)": 159.10391470000008,
        "p(95)": 233.81021809999982
      }
    },
    "http_req_failed": {
      "type": "rate",
      "contains": "default",
      "values": {
        "rate": 0,
        "passes": 0,
        "fails": 435940
      },
      "thresholds": {
        "rate<0.01": {
          "ok": true
        }
      }
    },
    "http_req_receiving": {
      "type": "trend",
      "contains": "time",
      "values": {
        "p(95)": 4.197766799999998,
        "avg": 1.7316921603339916,
        "min": 0.00638,
        "med": 0.090617,
        "max": 2656.239894,
        "p(90)": 2.181466200000001
      }
    },
    "data_received": {
      "type": "counter",
      "contains": "data",
      "values": {
        "rate": 1676770.5782032497,
        "count": 1006131912
      }
    },
    "checks": {
      "type": "rate",
      "contains": "default",
      "values": {
        "rate": 1,
        "passes": 435940,
        "fails": 0
      }
    },
    "http_reqs": {
      "type": "counter",
      "contains": "default",
      "values": {
        "rate": 726.516431040232,
        "count": 435940
      }
    },
    "iterations": {
      "type": "counter",
      "contains": "default",
      "values": {
        "count": 217970,
        "rate": 363.258215520116
      }
    },
    "dropped_iterations": {
      "type": "counter",
      "contains": "default",
      "values": {
        "count": 1629,
        "rate": 2.7148122818840617
      }
    },
    "http_req_duration{method:GET}": {
      "values": {
        "avg": 40.934506829270504,
        "min": 5.235596,
        "med": 24.264173,
        "max": 5628.48327,
        "p(90)": 76.48421020000002,
        "p(95)": 113.41554499999981
      },
      "thresholds": {
        "p(95)<200": {
          "ok": true
        }
      },
      "type": "trend",
      "contains": "time"
    },
    "http_req_duration{method:POST}": {
      "thresholds": {
        "p(95)<200": {
          "ok": true
        }
      },
      "type": "trend",
      "contains": "time",
      "values": {
        "min": 6.361199,
        "med": 26.8246085,
        "max": 5669.08593,
        "p(90)": 79.5005776,
        "p(95)": 114.84871809999991,
        "avg": 42.59361820551948
      }
    },
    "http_req_tls_handshaking": {
      "values": {
        "max": 0,
        "p(90)": 0,
        "p(95)": 0,
        "avg": 0,
        "min": 0,
        "med": 0
      },
      "type": "trend",
      "contains": "time"
    },
    "http_req_duration{expected_response:true}": {
      "type": "trend",
      "contains": "time",
      "values": {
        "p(95)": 114.22269915,
        "avg": 41.76406251739351,
        "min": 5.235596,
        "med": 25.5369395,
        "max": 5669.08593,
        "p(90)": 78.03652180000005
      }
    },
    "http_req_connecting": {
      "type": "trend",
      "contains": "time",
      "values": {
        "max": 2269.087956,
        "p(90)": 0,
        "p(95)": 0,
        "avg": 0.14695825257833647,
        "min": 0,
        "med": 0
      }
    },
    "http_req_waiting": {
      "type": "trend",
      "contains": "time",
      "values": {
        "min": 5.145489,
        "med": 24.793442499999998,
        "max": 5668.995038,
        "p(90)": 76.32589120000003,
        "p(95)": 110.44596269999998,
        "avg": 40.00400297120334
      }
    },
    "vus": {
      "type": "gauge",
      "contains": "default",
      "values": {
        "value": 25,
        "min": 0,
        "max": 250
      }
    },
    "data_sent": {
      "contains": "data",
      "values": {
        "count": 107441602,
        "rate": 179056.95561381165
      },
      "type": "counter"
    },
    "http_req_blocked": {
      "type": "trend",
      "contains": "time",
      "values": {
        "avg": 0.1556695045487903,
        "min": 0.000569,
        "med": 0.008157,
        "max": 2269.192819,
        "p(90)": 0.011948,
        "p(95)": 0.012849
      }
    },
    "vus_max": {
      "values": {
        "value": 250,
        "min": 100,
        "max": 250
      },
      "type": "gauge",
      "contains": "default"
    }
  },
  "root_group": {
    "name": "",
    "path": "",
    "id": "d41d8cd98f00b204e9800998ecf8427e",
    "groups": [],
    "checks": [
        {
          "passes": 217970,
          "fails": 0,
          "name": "POST /bonus success",
          "path": "::POST /bonus success",
          "id": "88575a74097a77bfe10b6800bb7701a3"
        },
        {
          "name": "GET /bonus/recents success",
          "path": "::GET /bonus/recents success",
          "id": "9ecdbc1d40fa66bb8bded2b5dbab85e3",
          "passes": 217970,
          "fails": 0
        }
      ]
  },
  "options": {
    "summaryTrendStats": [
      "avg",
      "min",
      "med",
      "max",
      "p(90)",
      "p(95)"
    ],
    "summaryTimeUnit": "",
    "noColor": false
  },
  "state": {
    "isStdOutTTY": false,
    "isStdErrTTY": false,
    "testRunDurationMs": 600041.487535
  }
}