{
  "options": {
    "summaryTrendStats": [
      "avg",
      "min",
      "med",
      "max",
      "p(90)",
      "p(95)"
    ],
    "summaryTimeUnit": "",
    "noColor": false
  },
  "state": {
    "isStdErrTTY": true,
    "testRunDurationMs": 365265.960158,
    "isStdOutTTY": true
  },
  "metrics": {
    "vus": {
      "type": "gauge",
      "contains": "default",
      "values": {
        "value": 19,
        "min": 0,
        "max": 600
      }
    },
    "http_req_waiting": {
      "type": "trend",
      "contains": "time",
      "values": {
        "p(90)": 9268.531808,
        "p(95)": 9983.72016725,
        "avg": 7795.955179770391,
        "min": 14.720158,
        "med": 9012.776931,
        "max": 12040.633651
      }
    },
    "iterations": {
      "type": "counter",
      "contains": "default",
      "values": {
        "count": 23106,
        "rate": 63.258016131602396
      }
    },
    "http_req_duration{expected_response:true}": {
      "type": "trend",
      "contains": "time",
      "values": {
        "med": 9013.552866999999,
        "max": 12041.065695,
        "p(90)": 9269.817708499999,
        "p(95)": 9984.3587035,
        "avg": 7796.861476848098,
        "min": 15.19387
      }
    },
    "checks": {
      "type": "rate",
      "contains": "default",
      "values": {
        "rate": 1,
        "passes": 23106,
        "fails": 0
      }
    },
    "data_received": {
      "type": "counter",
      "contains": "data",
      "values": {
        "count": 8952144,
        "rate": 24508.56355770915
      }
    },
    "vus_max": {
      "values": {
        "value": 600,
        "min": 100,
        "max": 600
      },
      "type": "gauge",
      "contains": "default"
    },
    "http_req_blocked": {
      "contains": "time",
      "values": {
        "max": 1072.429613,
        "p(90)": 3.8605755000000004,
        "p(95)": 6.351203,
        "avg": 4.025252784471593,
        "min": 1.399892,
        "med": 2.0079325
      },
      "type": "trend"
    },
    "http_req_sending": {
      "type": "trend",
      "contains": "time",
      "values": {
        "avg": 0.09913633532415732,
        "min": 0.019266,
        "med": 0.095011,
        "max": 1.325032,
        "p(90)": 0.1362605,
        "p(95)": 0.151816
      }
    },
    "http_req_receiving": {
      "type": "trend",
      "contains": "time",
      "values": {
        "avg": 0.8071607424045719,
        "min": 0.059715,
        "med": 0.4517335,
        "max": 260.423977,
        "p(90)": 0.91805,
        "p(95)": 1.17812625
      }
    },
    "data_sent": {
      "type": "counter",
      "contains": "data",
      "values": {
        "count": 4827276,
        "rate": 13215.783912390594
      }
    },
    "dropped_iterations": {
      "type": "counter",
      "contains": "default",
      "values": {
        "count": 67493,
        "rate": 184.7776890318636
      }
    },
    "http_req_tls_handshaking": {
      "type": "trend",
      "contains": "time",
      "values": {
        "p(90)": 0,
        "p(95)": 0,
        "avg": 0,
        "min": 0,
        "med": 0,
        "max": 0
      }
    },
    "http_req_connecting": {
      "type": "trend",
      "contains": "time",
      "values": {
        "avg": 3.931792790314206,
        "min": 1.357257,
        "med": 1.9092419999999999,
        "max": 1072.324498,
        "p(90)": 3.7666405000000003,
        "p(95)": 6.247052249999999
      }
    },
    "http_req_failed": {
      "type": "rate",
      "contains": "default",
      "values": {
        "rate": 0,
        "passes": 0,
        "fails": 23106
      },
      "thresholds": {
        "rate<0.01": {
          "ok": true
        }
      }
    },
    "http_req_duration": {
      "type": "trend",
      "contains": "time",
      "values": {
        "avg": 7796.861476848098,
        "min": 15.19387,
        "med": 9013.552866999999,
        "max": 12041.065695,
        "p(90)": 9269.817708499999,
        "p(95)": 9984.3587035
      },
      "thresholds": {
        "p(95)<1000": {
          "ok": false
        }
      }
    },
    "http_reqs": {
      "type": "counter",
      "contains": "default",
      "values": {
        "rate": 63.258016131602396,
        "count": 23106
      }
    },
    "iteration_duration": {
      "contains": "time",
      "values": {
        "p(95)": 9994.005563499999,
        "avg": 7801.222070281497,
        "min": 17.598339,
        "med": 9016.440224000002,
        "max": 12689.54594,
        "p(90)": 9274.105805
      },
      "type": "trend"
    }
  },
  "root_group": {
    "name": "",
    "path": "",
    "id": "d41d8cd98f00b204e9800998ecf8427e",
    "groups": [],
    "checks": [
        {
          "fails": 0,
          "name": "http_success",
          "path": "::http_success",
          "id": "ccb6e06873a8792270ed84c6f0cb269a",
          "passes": 23106
        }
      ]
  }
}