{
  "options": {
    "summaryTrendStats": [
      "avg",
      "min",
      "med",
      "max",
      "p(90)",
      "p(95)"
    ],
    "summaryTimeUnit": "",
    "noColor": false
  },
  "state": {
    "testRunDurationMs": 60006.736642,
    "isStdOutTTY": false,
    "isStdErrTTY": false
  },
  "metrics": {
    "http_req_sending": {
      "type": "trend",
      "contains": "time",
      "values": {
        "avg": 0.05196208016115614,
        "min": 0.009962,
        "med": 0.0424215,
        "max": 1.618792,
        "p(90)": 0.09190250000000004,
        "p(95)": 0.13405779999999992
      }
    },
    "iterations": {
      "type": "counter",
      "contains": "default",
      "values": {
        "rate": 119.95319863740042,
        "count": 7198
      }
    },
    "http_req_connecting": {
      "type": "trend",
      "contains": "time",
      "values": {
        "med": 0,
        "max": 182.994289,
        "p(90)": 1.7075944,
        "p(95)": 2.3078366999999975,
        "avg": 0.5441156718532922,
        "min": 0
      }
    },
    "data_received": {
      "type": "counter",
      "contains": "data",
      "values": {
        "rate": 38228.4911390166,
        "count": 2293967
      }
    },
    "http_req_duration{expected_response:true}": {
      "type": "trend",
      "contains": "time",
      "values": {
        "max": 213.218825,
        "p(90)": 9.6885936,
        "p(95)": 12.4794316,
        "avg": 8.244492764379027,
        "min": 4.635664,
        "med": 7.0592179999999995
      }
    },
    "http_req_waiting": {
      "type": "trend",
      "contains": "time",
      "values": {
        "med": 6.897104499999999,
        "max": 213.058581,
        "p(90)": 9.4829273,
        "p(95)": 12.307409849999999,
        "avg": 8.07157669852738,
        "min": 4.521837
      }
    },
    "data_sent": {
      "type": "counter",
      "contains": "data",
      "values": {
        "count": 1503789,
        "rate": 25060.336291433418
      }
    },
    "http_req_blocked": {
      "type": "trend",
      "contains": "time",
      "values": {
        "med": 0.011252,
        "max": 183.189871,
        "p(90)": 1.8264344,
        "p(95)": 2.4678641499999974,
        "avg": 0.5695471264240041,
        "min": 0.00253
      }
    },
    "http_req_receiving": {
      "type": "trend",
      "contains": "time",
      "values": {
        "avg": 0.12095398569046938,
        "min": 0.017527,
        "med": 0.1018345,
        "max": 82.136397,
        "p(90)": 0.14825510000000003,
        "p(95)": 0.170319
      }
    },
    "checks": {
      "type": "rate",
      "contains": "default",
      "values": {
        "fails": 0,
        "rate": 1,
        "passes": 7198
      }
    },
    "http_req_duration": {
      "type": "trend",
      "contains": "time",
      "values": {
        "min": 4.635664,
        "med": 7.0592179999999995,
        "max": 213.218825,
        "p(90)": 9.6885936,
        "p(95)": 12.4794316,
        "avg": 8.244492764379027
      },
      "thresholds": {
        "p(95)<1000": {
          "ok": true
        }
      }
    },
    "http_req_tls_handshaking": {
      "type": "trend",
      "contains": "time",
      "values": {
        "avg": 0,
        "min": 0,
        "med": 0,
        "max": 0,
        "p(90)": 0,
        "p(95)": 0
      }
    },
    "http_reqs": {
      "type": "counter",
      "contains": "default",
      "values": {
        "count": 7198,
        "rate": 119.95319863740042
      }
    },
    "vus_max": {
      "contains": "default",
      "values": {
        "value": 800,
        "min": 800,
        "max": 800
      },
      "type": "gauge"
    },
    "http_req_failed": {
      "type": "rate",
      "contains": "default",
      "values": {
        "rate": 0,
        "passes": 0,
        "fails": 7198
      },
      "thresholds": {
        "rate<0.01": {
          "ok": true
        }
      }
    },
    "iteration_duration": {
      "contains": "time",
      "values": {
        "p(90)": 11.582675700000001,
        "p(95)": 13.97849095,
        "avg": 9.164819710752962,
        "min": 4.820813,
        "med": 7.4573565,
        "max": 228.106732
      },
      "type": "trend"
    },
    "vus": {
      "values": {
        "min": 0,
        "max": 4,
        "value": 1
      },
      "type": "gauge",
      "contains": "default"
    }
  },
  "root_group": {
    "name": "",
    "path": "",
    "id": "d41d8cd98f00b204e9800998ecf8427e",
    "groups": [],
    "checks": [
        {
          "path": "::http_success",
          "id": "ccb6e06873a8792270ed84c6f0cb269a",
          "passes": 7198,
          "fails": 0,
          "name": "http_success"
        }
      ]
  }
}