{
  "state": {
    "isStdOutTTY": false,
    "isStdErrTTY": false,
    "testRunDurationMs": 31092.048543
  },
  "metrics": {
    "http_req_duration{expected_response:true}": {
      "type": "trend",
      "contains": "time",
      "values": {
        "avg": 19933.597222274515,
        "min": 9778.978235,
        "med": 21314.481253,
        "max": 23623.858773,
        "p(90)": 22203.422816,
        "p(95)": 22350.590592
      }
    },
    "checks": {
      "type": "rate",
      "contains": "default",
      "values": {
        "rate": 1,
        "passes": 561,
        "fails": 0
      }
    },
    "http_req_blocked": {
      "type": "trend",
      "contains": "time",
      "values": {
        "max": 1034.655356,
        "p(90)": 99.066188,
        "p(95)": 160.70574,
        "avg": 29.61157692335112,
        "min": 0.003852,
        "med": 2.923995
      }
    },
    "http_req_duration{method:POST}": {
      "type": "trend",
      "contains": "time",
      "values": {
        "max": 23623.858773,
        "p(90)": 22269.637950999997,
        "p(95)": 22361.9223585,
        "avg": 21129.52781860801,
        "min": 18951.348488,
        "med": 21531.447397000004
      },
      "thresholds": {
        "p(95)<200": {
          "ok": false
        }
      }
    },
    "iteration_duration": {
      "type": "trend",
      "contains": "time",
      "values": {
        "p(95)": 30590.022861,
        "avg": 29580.350775508185,
        "min": 29010.688064,
        "med": 29434.275942,
        "max": 30958.366223,
        "p(90)": 30271.586367
      }
    },
    "http_req_sending": {
      "type": "trend",
      "contains": "time",
      "values": {
        "p(95)": 0.226166,
        "avg": 0.12878493939393948,
        "min": 0.011167,
        "med": 0.124634,
        "max": 0.597061,
        "p(90)": 0.189628
      }
    },
    "http_req_waiting": {
      "type": "trend",
      "contains": "time",
      "values": {
        "min": 9778.814898,
        "med": 21314.130738,
        "max": 23623.562494,
        "p(90)": 22203.143385,
        "p(95)": 22350.357215,
        "avg": 19932.93746666311
      }
    },
    "http_req_duration": {
      "values": {
        "avg": 19933.597222274515,
        "min": 9778.978235,
        "med": 21314.481253,
        "max": 23623.858773,
        "p(90)": 22203.422816,
        "p(95)": 22350.590592
      },
      "type": "trend",
      "contains": "time"
    },
    "http_req_tls_handshaking": {
      "type": "trend",
      "contains": "time",
      "values": {
        "med": 0,
        "max": 0,
        "p(90)": 0,
        "p(95)": 0,
        "avg": 0,
        "min": 0
      }
    },
    "data_received": {
      "type": "counter",
      "contains": "data",
      "values": {
        "count": 288619,
        "rate": 9282.727048391254
      }
    },
    "http_req_failed": {
      "values": {
        "passes": 0,
        "fails": 561,
        "rate": 0
      },
      "thresholds": {
        "rate<0.01": {
          "ok": true
        }
      },
      "type": "rate",
      "contains": "default"
    },
    "vus_max": {
      "type": "gauge",
      "contains": "default",
      "values": {
        "value": 600,
        "min": 300,
        "max": 600
      }
    },
    "http_req_receiving": {
      "type": "trend",
      "contains": "time",
      "values": {
        "p(90)": 0.934973,
        "p(95)": 1.618184,
        "avg": 0.5309706720142602,
        "min": 0.020535,
        "med": 0.134967,
        "max": 53.729731
      }
    },
    "http_req_connecting": {
      "type": "trend",
      "contains": "time",
      "values": {
        "med": 2.806216,
        "max": 1034.542017,
        "p(90)": 98.849344,
        "p(95)": 160.623059,
        "avg": 29.48449706595363,
        "min": 0
      }
    },
    "vus": {
      "contains": "default",
      "values": {
        "value": 600,
        "min": 53,
        "max": 600
      },
      "type": "gauge"
    },
    "dropped_iterations": {
      "type": "counter",
      "contains": "default",
      "values": {
        "count": 9991,
        "rate": 321.3361765527461
      }
    },
    "data_sent": {
      "type": "counter",
      "contains": "data",
      "values": {
        "count": 181604,
        "rate": 5840.850265907807
      }
    },
    "http_reqs": {
      "type": "counter",
      "contains": "default",
      "values": {
        "count": 561,
        "rate": 18.043198383153893
      }
    },
    "http_req_duration{method:GET}": {
      "type": "trend",
      "contains": "time",
      "values": {
        "p(95)": 10493.406559,
        "avg": 10130.887416262298,
        "min": 9778.978235,
        "med": 10098.837247,
        "max": 10691.890415,
        "p(90)": 10399.255416
      },
      "thresholds": {
        "p(95)<200": {
          "ok": false
        }
      }
    },
    "iterations": {
      "type": "counter",
      "contains": "default",
      "values": {
        "count": 61,
        "rate": 1.961916401733311
      }
    }
  },
  "root_group": {
    "path": "",
    "id": "d41d8cd98f00b204e9800998ecf8427e",
    "groups": [],
    "checks": [
        {
          "id": "88575a74097a77bfe10b6800bb7701a3",
          "passes": 500,
          "fails": 0,
          "name": "POST /bonus success",
          "path": "::POST /bonus success"
        },
        {
          "fails": 0,
          "name": "GET /bonus/recents success",
          "path": "::GET /bonus/recents success",
          "id": "9ecdbc1d40fa66bb8bded2b5dbab85e3",
          "passes": 61
        }
      ],
    "name": ""
  },
  "options": {
    "summaryTrendStats": [
      "avg",
      "min",
      "med",
      "max",
      "p(90)",
      "p(95)"
    ],
    "summaryTimeUnit": "",
    "noColor": false
  }
}