{
  "options": {
    "summaryTrendStats": [
      "avg",
      "min",
      "med",
      "max",
      "p(90)",
      "p(95)"
    ],
    "summaryTimeUnit": "",
    "noColor": false
  },
  "state": {
    "isStdOutTTY": false,
    "isStdErrTTY": false,
    "testRunDurationMs": 481971.435183
  },
  "metrics": {
    "http_req_receiving": {
      "type": "trend",
      "contains": "time",
      "values": {
        "p(95)": 110.45101454999981,
        "avg": 21.300282262357847,
        "min": 0.008094,
        "med": 0.095558,
        "max": 5603.228843,
        "p(90)": 6.590078499999993
      }
    },
    "checks": {
      "type": "rate",
      "contains": "default",
      "values": {
        "rate": 0.4292281594571671,
        "passes": 25303,
        "fails": 33647
      }
    },
    "http_req_tls_handshaking": {
      "type": "trend",
      "contains": "time",
      "values": {
        "avg": 0,
        "min": 0,
        "med": 0,
        "max": 0,
        "p(90)": 0,
        "p(95)": 0
      }
    },
    "dropped_iterations": {
      "type": "counter",
      "contains": "default",
      "values": {
        "count": 34264,
        "rate": 71.09135002365915
      }
    },
    "http_req_sending": {
      "type": "trend",
      "contains": "time",
      "values": {
        "p(90)": 0.0535581,
        "p(95)": 0.061307,
        "avg": 0.034509293502968365,
        "min": 0.002232,
        "med": 0.0309125,
        "max": 5.271424
      }
    },
    "iterations": {
      "type": "counter",
      "contains": "default",
      "values": {
        "count": 29320,
        "rate": 60.83348069967565
      }
    },
    "http_req_duration{expected_response:true}": {
      "values": {
        "avg": 5181.08788445057,
        "min": 6.591762,
        "med": 4787.127052,
        "max": 17982.96686,
        "p(90)": 9283.072180199999,
        "p(95)": 10909.78109229999
      },
      "type": "trend",
      "contains": "time"
    },
    "http_req_duration": {
      "type": "trend",
      "contains": "time",
      "values": {
        "avg": 2227.019562674618,
        "min": 1.376005,
        "med": 4.6098704999999995,
        "max": 17982.96686,
        "p(90)": 7208.987985699992,
        "p(95)": 8899.098429999996
      },
      "thresholds": {
        "p(95)<1500": {
          "ok": false
        }
      }
    },
    "data_received": {
      "type": "counter",
      "contains": "data",
      "values": {
        "count": 58370865,
        "rate": 121108.55693727396
      }
    },
    "http_req_blocked": {
      "type": "trend",
      "contains": "time",
      "values": {
        "p(95)": 0.015867199999999984,
        "avg": 0.07910885923664114,
        "min": 0.000686,
        "med": 0.008929,
        "max": 1039.595495,
        "p(90)": 0.013709
      }
    },
    "http_req_waiting": {
      "type": "trend",
      "contains": "time",
      "values": {
        "avg": 2205.6847711187324,
        "min": 1.298536,
        "med": 4.4900565,
        "max": 17982.755082,
        "p(90)": 7159.5261143,
        "p(95)": 8853.679649999996
      }
    },
    "vus": {
      "type": "gauge",
      "contains": "default",
      "values": {
        "value": 400,
        "min": 0,
        "max": 400
      }
    },
    "data_sent": {
      "type": "counter",
      "contains": "data",
      "values": {
        "count": 14641760,
        "rate": 30378.895783399825
      }
    },
    "vus_max": {
      "type": "gauge",
      "contains": "default",
      "values": {
        "min": 200,
        "max": 400,
        "value": 400
      }
    },
    "http_reqs": {
      "type": "counter",
      "contains": "default",
      "values": {
        "count": 58950,
        "rate": 122.31015304385673
      }
    },
    "http_req_connecting": {
      "type": "trend",
      "contains": "time",
      "values": {
        "min": 0,
        "med": 0,
        "max": 1039.454508,
        "p(90)": 0,
        "p(95)": 0,
        "avg": 0.0683982151484308
      }
    },
    "http_req_failed": {
      "type": "rate",
      "contains": "default",
      "values": {
        "rate": 0.5707718405428329,
        "passes": 33647,
        "fails": 25303
      }
    },
    "iteration_duration": {
      "type": "trend",
      "contains": "time",
      "values": {
        "min": 3.426006,
        "med": 12.155451,
        "max": 29002.250145,
        "p(90)": 13152.160154000007,
        "p(95)": 15036.5025009,
        "avg": 4416.854569149581
      }
    }
  },
  "root_group": {
    "path": "",
    "id": "d41d8cd98f00b204e9800998ecf8427e",
    "groups": [],
    "checks": [
        {
          "id": "88575a74097a77bfe10b6800bb7701a3",
          "passes": 13920,
          "fails": 15710,
          "name": "POST /bonus success",
          "path": "::POST /bonus success"
        },
        {
          "name": "GET /bonus/recents success",
          "path": "::GET /bonus/recents success",
          "id": "9ecdbc1d40fa66bb8bded2b5dbab85e3",
          "passes": 11383,
          "fails": 17937
        }
      ],
    "name": ""
  }
}