{
  "metrics": {
    "dropped_iterations": {
      "type": "counter",
      "contains": "default",
      "values": {
        "count": 206689,
        "rate": 593.5493212682724
      }
    },
    "http_req_receiving": {
      "type": "trend",
      "contains": "time",
      "values": {
        "avg": 0.14415519138305521,
        "min": 0.010906,
        "med": 0.103773,
        "max": 154.01038,
        "p(90)": 0.15721770000000004,
        "p(95)": 0.18245575
      }
    },
    "iteration_duration": {
      "type": "trend",
      "contains": "time",
      "values": {
        "avg": 14649.231354856904,
        "min": 4.62682,
        "med": 11734.532652000002,
        "max": 67292.898495,
        "p(90)": 19086.4575449,
        "p(95)": 29816.924720649986
      }
    },
    "data_sent": {
      "type": "counter",
      "contains": "data",
      "values": {
        "rate": 11735.680417933037,
        "count": 4086663
      }
    },
    "http_req_waiting": {
      "type": "trend",
      "contains": "time",
      "values": {
        "avg": 7323.341059552095,
        "min": 1.617219,
        "med": 5846.568697500001,
        "max": 36278.270155,
        "p(90)": 9716.770082300001,
        "p(95)": 16377.911195299988
      }
    },
    "data_received": {
      "type": "counter",
      "contains": "data",
      "values": {
        "count": 23666224,
        "rate": 67962.35499800617
      }
    },
    "vus_max": {
      "type": "gauge",
      "contains": "default",
      "values": {
        "max": 600,
        "value": 600,
        "min": 300
      }
    },
    "http_req_connecting": {
      "type": "trend",
      "contains": "time",
      "values": {
        "max": 1165.512881,
        "p(90)": 0,
        "p(95)": 0,
        "avg": 0.7822395318971759,
        "min": 0,
        "med": 0
      }
    },
    "http_req_blocked": {
      "type": "trend",
      "contains": "time",
      "values": {
        "avg": 0.7959153929036881,
        "min": 0.00086,
        "med": 0.0101735,
        "max": 1165.778739,
        "p(90)": 0.014720200000000004,
        "p(95)": 0.02078169999999999
      }
    },
    "http_reqs": {
      "type": "counter",
      "contains": "default",
      "values": {
        "count": 27620,
        "rate": 79.3164234837349
      }
    },
    "http_req_duration{expected_response:true}": {
      "type": "trend",
      "contains": "time",
      "values": {
        "p(95)": 16596.52378285,
        "avg": 7487.620311746869,
        "min": 2301.317657,
        "med": 5872.7757455,
        "max": 36278.425926,
        "p(90)": 9846.532366899999
      }
    },
    "iterations": {
      "type": "counter",
      "contains": "default",
      "values": {
        "count": 13810,
        "rate": 39.65821174186745
      }
    },
    "http_req_duration": {
      "type": "trend",
      "contains": "time",
      "values": {
        "avg": 7323.52401344129,
        "min": 1.690972,
        "med": 5846.7077965,
        "max": 36278.425926,
        "p(90)": 9716.8859503,
        "p(95)": 16378.08231084999
      }
    },
    "http_req_duration{method:POST}": {
      "values": {
        "max": 36278.425926,
        "p(90)": 10267.4787452,
        "p(95)": 17832.3354096,
        "avg": 7495.872942165235,
        "min": 1.690972,
        "med": 5889.476898
      },
      "thresholds": {
        "p(95)<200": {
          "ok": false
        }
      },
      "type": "trend",
      "contains": "time"
    },
    "http_req_sending": {
      "type": "trend",
      "contains": "time",
      "values": {
        "avg": 0.03879869790007224,
        "min": 0.002692,
        "med": 0.033933,
        "max": 0.607956,
        "p(90)": 0.055967,
        "p(95)": 0.06849945
      }
    },
    "http_req_tls_handshaking": {
      "type": "trend",
      "contains": "time",
      "values": {
        "p(90)": 0,
        "p(95)": 0,
        "avg": 0,
        "min": 0,
        "med": 0,
        "max": 0
      }
    },
    "checks": {
      "values": {
        "fails": 612,
        "rate": 0.9778421433743664,
        "passes": 27008
      },
      "type": "rate",
      "contains": "default"
    },
    "http_req_duration{method:GET}": {
      "type": "trend",
      "contains": "time",
      "values": {
        "avg": 7151.175084717356,
        "min": 1.932324,
        "med": 5799.565479999999,
        "max": 34072.266003,
        "p(90)": 9296.949164099999,
        "p(95)": 12848.04194515
      },
      "thresholds": {
        "p(95)<200": {
          "ok": false
        }
      }
    },
    "http_req_failed": {
      "contains": "default",
      "values": {
        "rate": 0.0221578566256336,
        "passes": 612,
        "fails": 27008
      },
      "thresholds": {
        "rate<0.01": {
          "ok": false
        }
      },
      "type": "rate"
    },
    "vus": {
      "type": "gauge",
      "contains": "default",
      "values": {
        "max": 600,
        "value": 47,
        "min": 47
      }
    }
  },
  "root_group": {
    "path": "",
    "id": "d41d8cd98f00b204e9800998ecf8427e",
    "groups": [],
    "checks": [
        {
          "fails": 285,
          "name": "POST /bonus success",
          "path": "::POST /bonus success",
          "id": "88575a74097a77bfe10b6800bb7701a3",
          "passes": 13525
        },
        {
          "id": "9ecdbc1d40fa66bb8bded2b5dbab85e3",
          "passes": 13483,
          "fails": 327,
          "name": "GET /bonus/recents success",
          "path": "::GET /bonus/recents success"
        }
      ],
    "name": ""
  },
  "options": {
    "summaryTrendStats": [
      "avg",
      "min",
      "med",
      "max",
      "p(90)",
      "p(95)"
    ],
    "summaryTimeUnit": "",
    "noColor": false
  },
  "state": {
    "testRunDurationMs": 348225.484545,
    "isStdOutTTY": false,
    "isStdErrTTY": false
  }
}