{
  "options": {
    "summaryTrendStats": [
      "avg",
      "min",
      "med",
      "max",
      "p(90)",
      "p(95)"
    ],
    "summaryTimeUnit": "",
    "noColor": false
  },
  "state": {
    "isStdOutTTY": false,
    "isStdErrTTY": false,
    "testRunDurationMs": 29532.084828
  },
  "metrics": {
    "http_reqs": {
      "type": "counter",
      "contains": "default",
      "values": {
        "rate": 42.32684577740507,
        "count": 1250
      }
    },
    "http_req_blocked": {
      "type": "trend",
      "contains": "time",
      "values": {
        "max": 490.579608,
        "p(90)": 2.5479167000000014,
        "p(95)": 4.044482499999999,
        "avg": 4.791490615199996,
        "min": 0.00236,
        "med": 0.010494
      }
    },
    "vus_max": {
      "values": {
        "value": 200,
        "min": 200,
        "max": 200
      },
      "type": "gauge",
      "contains": "default"
    },
    "http_req_duration{expected_response:true}": {
      "type": "trend",
      "contains": "time",
      "values": {
        "avg": 24.629606799199987,
        "min": 4.705237,
        "med": 8.196339,
        "max": 443.63854,
        "p(90)": 53.77150600000018,
        "p(95)": 145.6763568999999
      }
    },
    "http_req_receiving": {
      "values": {
        "avg": 0.12519271040000016,
        "min": 0.026902,
        "med": 0.12134349999999999,
        "max": 2.097883,
        "p(90)": 0.16937560000000002,
        "p(95)": 0.18925245
      },
      "type": "trend",
      "contains": "time"
    },
    "iteration_duration": {
      "type": "trend",
      "contains": "time",
      "values": {
        "avg": 59.583372191999935,
        "min": 12.46402,
        "med": 18.023882,
        "max": 858.434483,
        "p(90)": 172.78254040000007,
        "p(95)": 305.43052439999934
      }
    },
    "http_req_waiting": {
      "type": "trend",
      "contains": "time",
      "values": {
        "med": 7.9930535,
        "max": 443.451497,
        "p(90)": 53.54696270000017,
        "p(95)": 145.4717560999999,
        "avg": 24.450651216799997,
        "min": 4.508145
      }
    },
    "http_req_sending": {
      "type": "trend",
      "contains": "time",
      "values": {
        "p(95)": 0.15702409999999997,
        "avg": 0.05376287199999991,
        "min": 0.006768,
        "med": 0.0372135,
        "max": 0.266986,
        "p(90)": 0.1254938
      }
    },
    "iterations": {
      "values": {
        "count": 625,
        "rate": 21.163422888702534
      },
      "type": "counter",
      "contains": "default"
    },
    "http_req_tls_handshaking": {
      "type": "trend",
      "contains": "time",
      "values": {
        "p(95)": 0,
        "avg": 0,
        "min": 0,
        "med": 0,
        "max": 0,
        "p(90)": 0
      }
    },
    "http_req_connecting": {
      "values": {
        "p(90)": 2.4015089000000023,
        "p(95)": 3.92375455,
        "avg": 4.758851471199997,
        "min": 0,
        "med": 0,
        "max": 490.485699
      },
      "type": "trend",
      "contains": "time"
    },
    "http_req_failed": {
      "values": {
        "rate": 0,
        "passes": 0,
        "fails": 1250
      },
      "type": "rate",
      "contains": "default"
    },
    "http_req_duration": {
      "type": "trend",
      "contains": "time",
      "values": {
        "min": 4.705237,
        "med": 8.196339,
        "max": 443.63854,
        "p(90)": 53.77150600000018,
        "p(95)": 145.6763568999999,
        "avg": 24.629606799199987
      },
      "thresholds": {
        "p(95)<1500": {
          "ok": true
        }
      }
    },
    "data_sent": {
      "type": "counter",
      "contains": "data",
      "values": {
        "count": 308482,
        "rate": 10445.656031284376
      }
    },
    "vus": {
      "type": "gauge",
      "contains": "default",
      "values": {
        "value": 1,
        "min": 0,
        "max": 8
      }
    },
    "checks": {
      "type": "rate",
      "contains": "default",
      "values": {
        "rate": 1,
        "passes": 1250,
        "fails": 0
      }
    },
    "data_received": {
      "type": "counter",
      "contains": "data",
      "values": {
        "count": 2757869,
        "rate": 93385.51666982907
      }
    }
  },
  "root_group": {
    "checks": [
      {
        "fails": 0,
        "name": "POST /bonus success",
        "path": "::POST /bonus success",
        "id": "88575a74097a77bfe10b6800bb7701a3",
        "passes": 625
      },
      {
        "name": "GET /bonus/recents success",
        "path": "::GET /bonus/recents success",
        "id": "9ecdbc1d40fa66bb8bded2b5dbab85e3",
        "passes": 625,
        "fails": 0
      }
    ],
    "name": "",
    "path": "",
    "id": "d41d8cd98f00b204e9800998ecf8427e",
    "groups": []
  }
}