{
  "metrics": {
    "http_req_duration{method:POST}": {
      "values": {
        "avg": 2875.181772037988,
        "min": 1.636669,
        "med": 5.0591335,
        "max": 26885.086774,
        "p(90)": 17872.424509099998,
        "p(95)": 20326.553653949988
      },
      "thresholds": {
        "p(95)<200": {
          "ok": false
        }
      },
      "type": "trend",
      "contains": "time"
    },
    "http_req_connecting": {
      "type": "trend",
      "contains": "time",
      "values": {
        "p(90)": 0,
        "p(95)": 2.418346099999999,
        "avg": 0.39109043971762975,
        "min": 0,
        "med": 0,
        "max": 43.812383
      }
    },
    "http_req_duration{method:GET}": {
      "type": "trend",
      "contains": "time",
      "values": {
        "min": 1.427557,
        "med": 3.98975,
        "max": 215.840969,
        "p(90)": 15.008976000000004,
        "p(95)": 23.3853568,
        "avg": 7.237616693790983
      },
      "thresholds": {
        "p(95)<200": {
          "ok": true
        }
      }
    },
    "http_req_tls_handshaking": {
      "type": "trend",
      "contains": "time",
      "values": {
        "p(90)": 0,
        "p(95)": 0,
        "avg": 0,
        "min": 0,
        "med": 0,
        "max": 0
      }
    },
    "vus": {
      "type": "gauge",
      "contains": "default",
      "values": {
        "value": 402,
        "min": 55,
        "max": 600
      }
    },
    "http_req_blocked": {
      "type": "trend",
      "contains": "time",
      "values": {
        "avg": 0.4087080232212497,
        "min": 0.001526,
        "med": 0.007702,
        "max": 43.968673,
        "p(90)": 0.021992600000000015,
        "p(95)": 2.5200548999999994
      }
    },
    "checks": {
      "values": {
        "rate": 0.03436745309307078,
        "passes": 185,
        "fails": 5198
      },
      "type": "rate",
      "contains": "default"
    },
    "iteration_duration": {
      "contains": "time",
      "values": {
        "p(95)": 19568.054292200002,
        "avg": 1810.6039302132644,
        "min": 3.88138,
        "med": 9.56357,
        "max": 26896.393708,
        "p(90)": 73.43103580000023
      },
      "type": "trend"
    },
    "dropped_iterations": {
      "contains": "default",
      "values": {
        "count": 5546,
        "rate": 201.24294351951028
      },
      "type": "counter"
    },
    "iterations": {
      "values": {
        "count": 2593,
        "rate": 94.0899662001605
      },
      "type": "counter",
      "contains": "default"
    },
    "data_received": {
      "type": "counter",
      "contains": "data",
      "values": {
        "count": 992993,
        "rate": 36031.88500076976
      }
    },
    "http_req_duration": {
      "type": "trend",
      "contains": "time",
      "values": {
        "max": 26885.086774,
        "p(90)": 31.26614900000002,
        "p(95)": 17981.302772099996,
        "avg": 1493.688330684189,
        "min": 1.427557,
        "med": 4.391137
      }
    },
    "http_req_duration{expected_response:true}": {
      "type": "trend",
      "contains": "time",
      "values": {
        "avg": 21241.985421367583,
        "min": 15731.101591,
        "med": 21897.979813,
        "max": 26885.086774,
        "p(90)": 24049.717647600002,
        "p(95)": 24168.9139004
      }
    },
    "data_sent": {
      "type": "counter",
      "contains": "data",
      "values": {
        "count": 864050,
        "rate": 31353.04099315414
      }
    },
    "http_req_waiting": {
      "values": {
        "p(95)": 17981.1184524,
        "avg": 1493.313754785624,
        "min": 1.392225,
        "med": 4.297126,
        "max": 26884.830951,
        "p(90)": 31.13872020000002
      },
      "type": "trend",
      "contains": "time"
    },
    "http_req_receiving": {
      "type": "trend",
      "contains": "time",
      "values": {
        "p(90)": 0.11194000000000001,
        "p(95)": 0.1329581,
        "avg": 0.33908128998699416,
        "min": 0.011657,
        "med": 0.071962,
        "max": 175.162642
      }
    },
    "http_reqs": {
      "values": {
        "count": 5383,
        "rate": 195.32830237387736
      },
      "type": "counter",
      "contains": "default"
    },
    "vus_max": {
      "type": "gauge",
      "contains": "default",
      "values": {
        "max": 600,
        "value": 600,
        "min": 300
      }
    },
    "http_req_failed": {
      "thresholds": {
        "rate<0.01": {
          "ok": false
        }
      },
      "type": "rate",
      "contains": "default",
      "values": {
        "fails": 185,
        "rate": 0.9656325469069292,
        "passes": 5198
      }
    },
    "http_req_sending": {
      "type": "trend",
      "contains": "time",
      "values": {
        "med": 0.025261,
        "max": 0.324155,
        "p(90)": 0.05748800000000002,
        "p(95)": 0.12091329999999993,
        "avg": 0.03549460858257483,
        "min": 0.003666
      }
    }
  },
  "root_group": {
    "name": "",
    "path": "",
    "id": "d41d8cd98f00b204e9800998ecf8427e",
    "groups": [],
    "checks": [
        {
          "path": "::POST /bonus success",
          "id": "88575a74097a77bfe10b6800bb7701a3",
          "passes": 185,
          "fails": 2605,
          "name": "POST /bonus success"
        },
        {
          "name": "GET /bonus/recents success",
          "path": "::GET /bonus/recents success",
          "id": "9ecdbc1d40fa66bb8bded2b5dbab85e3",
          "passes": 0,
          "fails": 2593
        }
      ]
  },
  "options": {
    "summaryTrendStats": [
      "avg",
      "min",
      "med",
      "max",
      "p(90)",
      "p(95)"
    ],
    "summaryTimeUnit": "",
    "noColor": false
  },
  "state": {
    "isStdOutTTY": false,
    "isStdErrTTY": false,
    "testRunDurationMs": 27558.730274
  }
}