{
  "metrics": {
    "http_req_duration": {
      "type": "trend",
      "contains": "time",
      "values": {
        "p(90)": 4703.7819595,
        "p(95)": 5996.114216249999,
        "avg": 1976.4693769102819,
        "min": 3.19884,
        "med": 1372.9332565,
        "max": 18109.969003
      }
    },
    "dropped_iterations": {
      "type": "counter",
      "contains": "default",
      "values": {
        "count": 9242,
        "rate": 261.0845911659738
      }
    },
    "http_req_tls_handshaking": {
      "contains": "time",
      "values": {
        "avg": 0,
        "min": 0,
        "med": 0,
        "max": 0,
        "p(90)": 0,
        "p(95)": 0
      },
      "type": "trend"
    },
    "http_req_sending": {
      "values": {
        "avg": 0.037648902019937064,
        "min": 0.002503,
        "med": 0.0291235,
        "max": 1.029216,
        "p(90)": 0.05960189999999998,
        "p(95)": 0.1074108999999999
      },
      "type": "trend",
      "contains": "time"
    },
    "data_received": {
      "type": "counter",
      "contains": "data",
      "values": {
        "count": 8280974,
        "rate": 233935.80515538398
      }
    },
    "http_req_failed": {
      "type": "rate",
      "contains": "default",
      "values": {
        "rate": 0,
        "passes": 0,
        "fails": 7624
      },
      "thresholds": {
        "rate<0.01": {
          "ok": true
        }
      }
    },
    "http_reqs": {
      "type": "counter",
      "contains": "default",
      "values": {
        "rate": 215.37642534617876,
        "count": 7624
      }
    },
    "iteration_duration": {
      "type": "trend",
      "contains": "time",
      "values": {
        "med": 3396.4124375,
        "max": 21836.043061,
        "p(90)": 7798.680570300001,
        "p(95)": 9374.87858545,
        "avg": 3879.4624004216553,
        "min": 7.693955
      }
    },
    "vus": {
      "values": {
        "value": 600,
        "min": 1,
        "max": 600
      },
      "type": "gauge",
      "contains": "default"
    },
    "http_req_receiving": {
      "type": "trend",
      "contains": "time",
      "values": {
        "max": 49.081331,
        "p(90)": 0.1406208,
        "p(95)": 0.16035244999999998,
        "avg": 0.12897737801678896,
        "min": 0.007994,
        "med": 0.092557
      }
    },
    "http_req_connecting": {
      "type": "trend",
      "contains": "time",
      "values": {
        "avg": 0.5252593937565585,
        "min": 0,
        "med": 0,
        "max": 168.950527,
        "p(90)": 0,
        "p(95)": 2.4148101499999988
      }
    },
    "http_req_blocked": {
      "type": "trend",
      "contains": "time",
      "values": {
        "p(90)": 0.02789299999999996,
        "p(95)": 2.5154881999999987,
        "avg": 0.5427410032791192,
        "min": 0.000755,
        "med": 0.008841499999999999,
        "max": 169.120528
      }
    },
    "data_sent": {
      "contains": "data",
      "values": {
        "count": 1241452,
        "rate": 35070.76259166636
      },
      "type": "counter"
    },
    "iterations": {
      "type": "counter",
      "contains": "default",
      "values": {
        "count": 3714,
        "rate": 104.91973291391763
      }
    },
    "http_req_duration{method:GET}": {
      "type": "trend",
      "contains": "time",
      "values": {
        "p(90)": 3395.4318788000014,
        "p(95)": 4497.9417962,
        "avg": 1353.0371649534222,
        "min": 3.19884,
        "med": 811.225475,
        "max": 14502.243061
      },
      "thresholds": {
        "p(95)<200": {
          "ok": false
        }
      }
    },
    "http_req_duration{method:POST}": {
      "contains": "time",
      "values": {
        "max": 18109.969003,
        "p(90)": 5582.125075499999,
        "p(95)": 6897.00206405,
        "avg": 2568.6502554800472,
        "min": 3.930316,
        "med": 2062.765734
      },
      "thresholds": {
        "p(95)<200": {
          "ok": false
        }
      },
      "type": "trend"
    },
    "http_req_duration{expected_response:true}": {
      "type": "trend",
      "contains": "time",
      "values": {
        "p(90)": 4703.7819595,
        "p(95)": 5996.114216249999,
        "avg": 1976.4693769102819,
        "min": 3.19884,
        "med": 1372.9332565,
        "max": 18109.969003
      }
    },
    "http_req_waiting": {
      "contains": "time",
      "values": {
        "med": 1372.803222,
        "max": 18109.820339,
        "p(90)": 4703.6901899,
        "p(95)": 5995.96075705,
        "avg": 1976.3027506302478,
        "min": 3.153021
      },
      "type": "trend"
    },
    "checks": {
      "type": "rate",
      "contains": "default",
      "values": {
        "rate": 1,
        "passes": 7624,
        "fails": 0
      }
    },
    "vus_max": {
      "type": "gauge",
      "contains": "default",
      "values": {
        "value": 600,
        "min": 300,
        "max": 600
      }
    }
  },
  "root_group": {
    "groups": [],
    "checks": [
        {
          "name": "POST /bonus success",
          "path": "::POST /bonus success",
          "id": "88575a74097a77bfe10b6800bb7701a3",
          "passes": 3910,
          "fails": 0
        },
        {
          "name": "GET /bonus/recents success",
          "path": "::GET /bonus/recents success",
          "id": "9ecdbc1d40fa66bb8bded2b5dbab85e3",
          "passes": 3714,
          "fails": 0
        }
      ],
    "name": "",
    "path": "",
    "id": "d41d8cd98f00b204e9800998ecf8427e"
  },
  "options": {
    "noColor": false,
    "summaryTrendStats": [
      "avg",
      "min",
      "med",
      "max",
      "p(90)",
      "p(95)"
    ],
    "summaryTimeUnit": ""
  },
  "state": {
    "testRunDurationMs": 35398.488891,
    "isStdOutTTY": false,
    "isStdErrTTY": false
  }
}