{
  "metrics": {
    "http_req_waiting": {
      "values": {
        "p(90)": 280.3887042000005,
        "p(95)": 690.6520746,
        "avg": 180.36904034284063,
        "min": 4.29769,
        "med": 12.066175,
        "max": 10683.920499
      },
      "type": "trend",
      "contains": "time"
    },
    "data_sent": {
      "type": "counter",
      "contains": "data",
      "values": {
        "count": 7677616,
        "rate": 31989.049389438132
      }
    },
    "data_received": {
      "contains": "data",
      "values": {
        "count": 12042500,
        "rate": 50175.48771289274
      },
      "type": "counter"
    },
    "vus_max": {
      "values": {
        "min": 300,
        "max": 300,
        "value": 300
      },
      "type": "gauge",
      "contains": "default"
    },
    "http_reqs": {
      "type": "counter",
      "contains": "default",
      "values": {
        "count": 36749,
        "rate": 153.1159641238194
      }
    },
    "http_req_failed": {
      "type": "rate",
      "contains": "default",
      "values": {
        "rate": 0,
        "passes": 0,
        "fails": 36749
      },
      "thresholds": {
        "rate<0.01": {
          "ok": true
        }
      }
    },
    "http_req_duration": {
      "contains": "time",
      "values": {
        "avg": 180.626137445861,
        "min": 4.344966,
        "med": 12.285323,
        "max": 10684.634034,
        "p(90)": 280.95323720000175,
        "p(95)": 690.7818111999999
      },
      "thresholds": {
        "p(95)<200": {
          "ok": false
        }
      },
      "type": "trend"
    },
    "http_req_blocked": {
      "type": "trend",
      "contains": "time",
      "values": {
        "max": 145.977445,
        "p(90)": 0.015169,
        "p(95)": 0.017502399999999994,
        "avg": 0.09583043359003013,
        "min": 0.002416,
        "med": 0.011275
      }
    },
    "http_req_connecting": {
      "type": "trend",
      "contains": "time",
      "values": {
        "avg": 0.08265764790878653,
        "min": 0,
        "med": 0,
        "max": 145.760693,
        "p(90)": 0,
        "p(95)": 0
      }
    },
    "http_req_receiving": {
      "type": "trend",
      "contains": "time",
      "values": {
        "avg": 0.2118899562981309,
        "min": 0.011685,
        "med": 0.101725,
        "max": 168.126607,
        "p(90)": 0.16059080000000003,
        "p(95)": 0.24128279999999952
      }
    },
    "checks": {
      "contains": "default",
      "values": {
        "rate": 1,
        "passes": 36749,
        "fails": 0
      },
      "type": "rate"
    },
    "http_req_tls_handshaking": {
      "type": "trend",
      "contains": "time",
      "values": {
        "avg": 0,
        "min": 0,
        "med": 0,
        "max": 0,
        "p(90)": 0,
        "p(95)": 0
      }
    },
    "iteration_duration": {
      "type": "trend",
      "contains": "time",
      "values": {
        "med": 12.655272,
        "max": 10688.060637,
        "p(90)": 281.2843914000021,
        "p(95)": 691.4712769999999,
        "avg": 181.05356597831172,
        "min": 4.451409
      }
    },
    "http_req_duration{expected_response:true}": {
      "values": {
        "avg": 180.626137445861,
        "min": 4.344966,
        "med": 12.285323,
        "max": 10684.634034,
        "p(90)": 280.95323720000175,
        "p(95)": 690.7818111999999
      },
      "type": "trend",
      "contains": "time"
    },
    "vus": {
      "contains": "default",
      "values": {
        "value": 1,
        "min": 0,
        "max": 207
      },
      "type": "gauge"
    },
    "iterations": {
      "type": "counter",
      "contains": "default",
      "values": {
        "rate": 153.1159641238194,
        "count": 36749
      }
    },
    "http_req_sending": {
      "values": {
        "p(95)": 0.0672866,
        "avg": 0.04520714672508123,
        "min": 0.007268,
        "med": 0.042683,
        "max": 0.765043,
        "p(90)": 0.059266200000000005
      },
      "type": "trend",
      "contains": "time"
    }
  },
  "root_group": {
    "name": "",
    "path": "",
    "id": "d41d8cd98f00b204e9800998ecf8427e",
    "groups": [],
    "checks": [
        {
          "name": "http_success",
          "path": "::http_success",
          "id": "ccb6e06873a8792270ed84c6f0cb269a",
          "passes": 36749,
          "fails": 0
        }
      ]
  },
  "options": {
    "summaryTrendStats": [
      "avg",
      "min",
      "med",
      "max",
      "p(90)",
      "p(95)"
    ],
    "summaryTimeUnit": "",
    "noColor": false
  },
  "state": {
    "testRunDurationMs": 240007.632191,
    "isStdOutTTY": false,
    "isStdErrTTY": false
  }
}