{
  "state": {
    "testRunDurationMs": 900022.539694,
    "isStdOutTTY": false,
    "isStdErrTTY": false
  },
  "metrics": {
    "http_req_duration{phase:load,method:POST}": {
      "thresholds": {
        "p(95)<200": {
          "ok": true
        }
      },
      "type": "trend",
      "contains": "time",
      "values": {
        "med": 14.526147,
        "max": 970.152978,
        "p(90)": 90.31307500000014,
        "p(95)": 144.61679775000007,
        "avg": 37.1589378529371,
        "min": 9.446958
      }
    },
    "checks": {
      "type": "rate",
      "contains": "default",
      "values": {
        "rate": 1,
        "passes": 115740,
        "fails": 0
      }
    },
    "iteration_duration": {
      "values": {
        "avg": 59.52303006595787,
        "min": 18.807066,
        "med": 27.408333499999998,
        "max": 2503.490203,
        "p(90)": 136.66982649999994,
        "p(95)": 220.64016899999993
      },
      "type": "trend",
      "contains": "time"
    },
    "iterations": {
      "values": {
        "count": 57870,
        "rate": 64.29838970441263
      },
      "type": "counter",
      "contains": "default"
    },
    "http_req_failed{phase:load}": {
      "type": "rate",
      "contains": "default",
      "values": {
        "rate": 0,
        "passes": 0,
        "fails": 89676
      },
      "thresholds": {
        "rate<0.01": {
          "ok": true
        }
      }
    },
    "http_req_waiting": {
      "type": "trend",
      "contains": "time",
      "values": {
        "avg": 29.10505912841729,
        "min": 8.073657,
        "med": 13.045977,
        "max": 1888.553961,
        "p(90)": 67.97533750000015,
        "p(95)": 107.20809914999995
      }
    },
    "http_req_duration{expected_response:true}": {
      "values": {
        "med": 13.233270000000001,
        "max": 1888.874387,
        "p(90)": 68.77419510000009,
        "p(95)": 108.05965039999991,
        "avg": 29.42123403566589,
        "min": 8.198151
      },
      "type": "trend",
      "contains": "time"
    },
    "http_req_receiving": {
      "values": {
        "avg": 0.2802668610247101,
        "min": 0.010831,
        "med": 0.112979,
        "max": 343.340042,
        "p(90)": 0.1620652,
        "p(95)": 0.2292616999999996
      },
      "type": "trend",
      "contains": "time"
    },
    "http_reqs": {
      "type": "counter",
      "contains": "default",
      "values": {
        "count": 115740,
        "rate": 128.59677940882526
      }
    },
    "vus": {
      "type": "gauge",
      "contains": "default",
      "values": {
        "value": 2,
        "min": 0,
        "max": 40
      }
    },
    "dropped_iterations": {
      "type": "counter",
      "contains": "default",
      "values": {
        "count": 181,
        "rate": 0.2011060745895747
      }
    },
    "http_req_blocked": {
      "type": "trend",
      "contains": "time",
      "values": {
        "avg": 0.04152319758942453,
        "min": 0.001363,
        "med": 0.0098645,
        "max": 509.556433,
        "p(90)": 0.013546,
        "p(95)": 0.015069
      }
    },
    "http_req_sending": {
      "type": "trend",
      "contains": "time",
      "values": {
        "med": 0.033837,
        "max": 1.015403,
        "p(90)": 0.051293,
        "p(95)": 0.057622099999999975,
        "avg": 0.03590804622429635,
        "min": 0.003473
      }
    },
    "http_req_failed": {
      "type": "rate",
      "contains": "default",
      "values": {
        "rate": 0,
        "passes": 0,
        "fails": 115740
      }
    },
    "http_req_connecting": {
      "type": "trend",
      "contains": "time",
      "values": {
        "avg": 0.030895647287022644,
        "min": 0,
        "med": 0,
        "max": 509.423332,
        "p(90)": 0,
        "p(95)": 0
      }
    },
    "vus_max": {
      "type": "gauge",
      "contains": "default",
      "values": {
        "value": 63,
        "min": 13,
        "max": 63
      }
    },
    "data_received": {
      "type": "counter",
      "contains": "data",
      "values": {
        "count": 270688245,
        "rate": 300757.1844723263
      }
    },
    "http_req_duration{phase:load,method:GET}": {
      "thresholds": {
        "p(95)<200": {
          "ok": true
        }
      },
      "type": "trend",
      "contains": "time",
      "values": {
        "p(90)": 70.87275790000001,
        "p(95)": 103.76263635000001,
        "avg": 27.462247599357667,
        "min": 8.414279,
        "med": 12.358014,
        "max": 699.9275
      }
    },
    "http_req_tls_handshaking": {
      "type": "trend",
      "contains": "time",
      "values": {
        "p(90)": 0,
        "p(95)": 0,
        "avg": 0,
        "min": 0,
        "med": 0,
        "max": 0
      }
    },
    "data_sent": {
      "type": "counter",
      "contains": "data",
      "values": {
        "count": 28525409,
        "rate": 31694.10513840953
      }
    },
    "http_req_duration": {
      "type": "trend",
      "contains": "time",
      "values": {
        "max": 1888.874387,
        "p(90)": 68.77419510000009,
        "p(95)": 108.05965039999991,
        "avg": 29.42123403566589,
        "min": 8.198151,
        "med": 13.233270000000001
      }
    }
  },
  "root_group": {
    "name": "",
    "path": "",
    "id": "d41d8cd98f00b204e9800998ecf8427e",
    "groups": [],
    "checks": [
        {
          "passes": 57870,
          "fails": 0,
          "name": "POST /bonus success",
          "path": "::POST /bonus success",
          "id": "88575a74097a77bfe10b6800bb7701a3"
        },
        {
          "id": "9ecdbc1d40fa66bb8bded2b5dbab85e3",
          "passes": 57870,
          "fails": 0,
          "name": "GET /bonus/recents success",
          "path": "::GET /bonus/recents success"
        }
      ]
  },
  "options": {
    "summaryTrendStats": [
      "avg",
      "min",
      "med",
      "max",
      "p(90)",
      "p(95)"
    ],
    "summaryTimeUnit": "",
    "noColor": false
  }
}