{
  "metrics": {
    "http_req_duration": {
      "values": {
        "p(90)": 16.049887899999998,
        "p(95)": 27.375959649999956,
        "avg": 10.065937509059175,
        "min": 2.652003,
        "med": 6.0188465,
        "max": 533.517454
      },
      "type": "trend",
      "contains": "time"
    },
    "http_req_sending": {
      "type": "trend",
      "contains": "time",
      "values": {
        "avg": 0.03616409928974123,
        "min": 0.003514,
        "med": 0.033362,
        "max": 6.038761,
        "p(90)": 0.053262699999999996,
        "p(95)": 0.05959274999999996
      }
    },
    "data_sent": {
      "type": "counter",
      "contains": "data",
      "values": {
        "count": 28592721,
        "rate": 31769.32315733105
      }
    },
    "vus": {
      "values": {
        "max": 32,
        "value": 2,
        "min": 0
      },
      "type": "gauge",
      "contains": "default"
    },
    "http_req_receiving": {
      "type": "trend",
      "contains": "time",
      "values": {
        "max": 125.977254,
        "p(90)": 0.1477144,
        "p(95)": 0.1691047,
        "avg": 0.12279667632354589,
        "min": 0.009321,
        "med": 0.105039
      }
    },
    "checks": {
      "contains": "default",
      "values": {
        "rate": 1,
        "passes": 116014,
        "fails": 0
      },
      "type": "rate"
    },
    "http_req_failed": {
      "type": "rate",
      "contains": "default",
      "values": {
        "rate": 0,
        "passes": 0,
        "fails": 116014
      }
    },
    "http_req_failed{phase:load}": {
      "type": "rate",
      "contains": "default",
      "values": {
        "rate": 0,
        "passes": 0,
        "fails": 89938
      },
      "thresholds": {
        "rate<0.01": {
          "ok": true
        }
      }
    },
    "http_req_waiting": {
      "contains": "time",
      "values": {
        "min": 2.570466,
        "med": 5.864278,
        "max": 533.38334,
        "p(90)": 15.8752269,
        "p(95)": 27.193812999999988,
        "avg": 9.9069767334461
      },
      "type": "trend"
    },
    "http_req_duration{expected_response:true}": {
      "type": "trend",
      "contains": "time",
      "values": {
        "max": 533.517454,
        "p(90)": 16.049887899999998,
        "p(95)": 27.375959649999956,
        "avg": 10.065937509059175,
        "min": 2.652003,
        "med": 6.0188465
      }
    },
    "iteration_duration": {
      "type": "trend",
      "contains": "time",
      "values": {
        "avg": 20.79863959672103,
        "min": 7.269202,
        "med": 13.164383,
        "max": 1221.039545,
        "p(90)": 34.145669000000005,
        "p(95)": 51.34411969999997
      }
    },
    "http_req_tls_handshaking": {
      "type": "trend",
      "contains": "time",
      "values": {
        "p(90)": 0,
        "p(95)": 0,
        "avg": 0,
        "min": 0,
        "med": 0,
        "max": 0
      }
    },
    "http_req_connecting": {
      "type": "trend",
      "contains": "time",
      "values": {
        "p(95)": 0,
        "avg": 0.027500560466840216,
        "min": 0,
        "med": 0,
        "max": 1048.408413,
        "p(90)": 0
      }
    },
    "data_received": {
      "type": "counter",
      "contains": "data",
      "values": {
        "count": 254386761,
        "rate": 282648.6929017962
      }
    },
    "http_req_blocked": {
      "type": "trend",
      "contains": "time",
      "values": {
        "avg": 0.037953516291137086,
        "min": 0.001178,
        "med": 0.009702,
        "max": 1048.633374,
        "p(90)": 0.013832,
        "p(95)": 0.015399
      }
    },
    "http_req_duration{phase:load,method:POST}": {
      "type": "trend",
      "contains": "time",
      "values": {
        "p(90)": 24.641116400000005,
        "p(95)": 39.42997859999999,
        "avg": 13.308975157063761,
        "min": 3.551865,
        "med": 6.828209,
        "max": 526.579987
      },
      "thresholds": {
        "p(95)<200": {
          "ok": true
        }
      }
    },
    "http_reqs": {
      "type": "counter",
      "contains": "default",
      "values": {
        "count": 116014,
        "rate": 128.90295599270195
      }
    },
    "vus_max": {
      "contains": "default",
      "values": {
        "value": 53,
        "min": 10,
        "max": 53
      },
      "type": "gauge"
    },
    "dropped_iterations": {
      "contains": "default",
      "values": {
        "count": 43,
        "rate": 0.04777722609069753
      },
      "type": "counter"
    },
    "iterations": {
      "type": "counter",
      "contains": "default",
      "values": {
        "count": 58007,
        "rate": 64.45147799635097
      }
    },
    "http_req_duration{phase:load,method:GET}": {
      "type": "trend",
      "contains": "time",
      "values": {
        "avg": 7.849419100758324,
        "min": 2.652003,
        "med": 5.252246,
        "max": 533.517454,
        "p(90)": 10.8416688,
        "p(95)": 18.007732399999988
      },
      "thresholds": {
        "p(95)<200": {
          "ok": true
        }
      }
    }
  },
  "root_group": {
    "id": "d41d8cd98f00b204e9800998ecf8427e",
    "groups": [],
    "checks": [
        {
          "path": "::POST /bonus success",
          "id": "88575a74097a77bfe10b6800bb7701a3",
          "passes": 58007,
          "fails": 0,
          "name": "POST /bonus success"
        },
        {
          "name": "GET /bonus/recents success",
          "path": "::GET /bonus/recents success",
          "id": "9ecdbc1d40fa66bb8bded2b5dbab85e3",
          "passes": 58007,
          "fails": 0
        }
      ],
    "name": "",
    "path": ""
  },
  "options": {
    "summaryTimeUnit": "",
    "noColor": false,
    "summaryTrendStats": [
      "avg",
      "min",
      "med",
      "max",
      "p(90)",
      "p(95)"
    ]
  },
  "state": {
    "isStdErrTTY": false,
    "testRunDurationMs": 900010.392365,
    "isStdOutTTY": false
  }
}