{
  "metrics": {
    "iteration_duration": {
      "type": "trend",
      "contains": "time",
      "values": {
        "max": 2442.143419,
        "p(90)": 36.4489091,
        "p(95)": 44.97915784999991,
        "avg": 28.7062279828486,
        "min": 7.58222,
        "med": 22.0268985
      }
    },
    "vus": {
      "type": "gauge",
      "contains": "default",
      "values": {
        "value": 10,
        "min": 0,
        "max": 247
      }
    },
    "dropped_iterations": {
      "type": "counter",
      "contains": "default",
      "values": {
        "count": 377,
        "rate": 0.6283146082867165
      }
    },
    "http_req_duration{method:POST}": {
      "type": "trend",
      "contains": "time",
      "values": {
        "avg": 15.579772255334715,
        "min": 3.42534,
        "med": 11.3765435,
        "max": 2102.769665,
        "p(90)": 20.7559155,
        "p(95)": 25.66923189999999
      },
      "thresholds": {
        "p(95)<200": {
          "ok": true
        }
      }
    },
    "http_reqs": {
      "type": "counter",
      "contains": "default",
      "values": {
        "count": 438444,
        "rate": 730.7182231184645
      }
    },
    "http_req_waiting": {
      "type": "trend",
      "contains": "time",
      "values": {
        "p(90)": 19.0386391,
        "p(95)": 23.599525399999997,
        "avg": 13.455294287804012,
        "min": 2.603843,
        "med": 10.124796499999999,
        "max": 2102.638949
      }
    },
    "http_req_duration{method:GET}": {
      "type": "trend",
      "contains": "time",
      "values": {
        "max": 2396.129972,
        "p(90)": 17.8688284,
        "p(95)": 21.97967925,
        "avg": 12.620212012891027,
        "min": 2.761879,
        "med": 9.481376000000001
      },
      "thresholds": {
        "p(95)<200": {
          "ok": true
        }
      }
    },
    "http_req_tls_handshaking": {
      "type": "trend",
      "contains": "time",
      "values": {
        "avg": 0,
        "min": 0,
        "med": 0,
        "max": 0,
        "p(90)": 0,
        "p(95)": 0
      }
    },
    "http_req_sending": {
      "type": "trend",
      "contains": "time",
      "values": {
        "max": 5.339427,
        "p(90)": 0.041987,
        "p(95)": 0.046338,
        "avg": 0.027396995598069348,
        "min": 0.001688,
        "med": 0.024825
      }
    },
    "data_received": {
      "type": "counter",
      "contains": "data",
      "values": {
        "count": 976567875,
        "rate": 1627564.62028121
      }
    },
    "http_req_duration{expected_response:true}": {
      "values": {
        "max": 2396.129972,
        "p(90)": 19.431173700000002,
        "p(95)": 23.9927741,
        "avg": 14.099992134113064,
        "min": 2.761879,
        "med": 10.4092755
      },
      "type": "trend",
      "contains": "time"
    },
    "http_req_connecting": {
      "contains": "time",
      "values": {
        "avg": 0.024869282063387798,
        "min": 0,
        "med": 0,
        "max": 141.680762,
        "p(90)": 0,
        "p(95)": 0
      },
      "type": "trend"
    },
    "checks": {
      "type": "rate",
      "contains": "default",
      "values": {
        "fails": 0,
        "rate": 1,
        "passes": 438444
      }
    },
    "http_req_failed": {
      "type": "rate",
      "contains": "default",
      "values": {
        "rate": 0,
        "passes": 0,
        "fails": 438444
      },
      "thresholds": {
        "rate<0.01": {
          "ok": true
        }
      }
    },
    "iterations": {
      "contains": "default",
      "values": {
        "count": 219222,
        "rate": 365.35911155923225
      },
      "type": "counter"
    },
    "http_req_receiving": {
      "type": "trend",
      "contains": "time",
      "values": {
        "max": 2240.678836,
        "p(90)": 0.1330697,
        "p(95)": 1.4350522999999982,
        "avg": 0.617300850710693,
        "min": 0.005626,
        "med": 0.078728
      }
    },
    "http_req_blocked": {
      "type": "trend",
      "contains": "time",
      "values": {
        "avg": 0.03309491046975174,
        "min": 0.000523,
        "med": 0.007731,
        "max": 141.779911,
        "p(90)": 0.011523,
        "p(95)": 0.012483
      }
    },
    "data_sent": {
      "values": {
        "count": 108059022,
        "rate": 180093.00286412647
      },
      "type": "counter",
      "contains": "data"
    },
    "vus_max": {
      "type": "gauge",
      "contains": "default",
      "values": {
        "value": 250,
        "min": 100,
        "max": 250
      }
    },
    "http_req_duration": {
      "contains": "time",
      "values": {
        "p(95)": 23.9927741,
        "avg": 14.099992134113064,
        "min": 2.761879,
        "med": 10.4092755,
        "max": 2396.129972,
        "p(90)": 19.431173700000002
      },
      "type": "trend"
    }
  },
  "root_group": {
    "checks": [
      {
        "id": "88575a74097a77bfe10b6800bb7701a3",
        "passes": 219222,
        "fails": 0,
        "name": "POST /bonus success",
        "path": "::POST /bonus success"
      },
      {
        "name": "GET /bonus/recents success",
        "path": "::GET /bonus/recents success",
        "id": "9ecdbc1d40fa66bb8bded2b5dbab85e3",
        "passes": 219222,
        "fails": 0
      }
    ],
    "name": "",
    "path": "",
    "id": "d41d8cd98f00b204e9800998ecf8427e",
    "groups": []
  },
  "options": {
    "summaryTrendStats": [
      "avg",
      "min",
      "med",
      "max",
      "p(90)",
      "p(95)"
    ],
    "summaryTimeUnit": "",
    "noColor": false
  },
  "state": {
    "testRunDurationMs": 600017.881214,
    "isStdOutTTY": false,
    "isStdErrTTY": false
  }
}